2025-05-02 09:48:10 [background-preinit] INFO  org.hibernate.validator.internal.util.Version - HV000001: Hibernate Validator 8.0.2.Final
2025-05-02 09:48:10 [restartedMain] INFO  com.imperacred.BankLoanApplication.BankLoanApplication - Starting BankLoanApplication using Java 21.0.6 with PID 6100 (C:\Users\Administrator\git\LOS-\target\classes started by Administrator in C:\Users\Administrator\git\LOS-)
2025-05-02 09:48:10 [restartedMain] INFO  com.imperacred.BankLoanApplication.BankLoanApplication - No active profile set, falling back to 1 default profile: "default"
2025-05-02 09:48:10 [restartedMain] INFO  org.springframework.boot.devtools.env.DevToolsPropertyDefaultsPostProcessor - Devtools property defaults active! Set 'spring.devtools.add-properties' to 'false' to disable
2025-05-02 09:48:10 [restartedMain] INFO  org.springframework.boot.devtools.env.DevToolsPropertyDefaultsPostProcessor - For additional web related logging consider setting the 'logging.level.web' property to 'DEBUG'
2025-05-02 09:48:11 [restartedMain] INFO  org.springframework.data.repository.config.RepositoryConfigurationDelegate - Bootstrapping Spring Data JPA repositories in DEFAULT mode.
2025-05-02 09:48:11 [restartedMain] INFO  org.springframework.data.repository.config.RepositoryConfigurationDelegate - Finished Spring Data repository scanning in 94 ms. Found 16 JPA repository interfaces.
2025-05-02 09:48:12 [restartedMain] INFO  org.springframework.boot.web.embedded.tomcat.TomcatWebServer - Tomcat initialized with port 8080 (http)
2025-05-02 09:48:12 [restartedMain] INFO  org.apache.coyote.http11.Http11NioProtocol - Initializing ProtocolHandler ["http-nio-8080"]
2025-05-02 09:48:12 [restartedMain] INFO  org.apache.catalina.core.StandardService - Starting service [Tomcat]
2025-05-02 09:48:12 [restartedMain] INFO  org.apache.catalina.core.StandardEngine - Starting Servlet engine: [Apache Tomcat/10.1.39]
2025-05-02 09:48:12 [restartedMain] INFO  org.apache.catalina.core.ContainerBase.[Tomcat].[localhost].[/] - Initializing Spring embedded WebApplicationContext
2025-05-02 09:48:12 [restartedMain] INFO  org.springframework.boot.web.servlet.context.ServletWebServerApplicationContext - Root WebApplicationContext: initialization completed in 2108 ms
2025-05-02 09:48:13 [restartedMain] INFO  com.zaxxer.hikari.HikariDataSource - HikariPool-1 - Starting...
2025-05-02 09:48:13 [restartedMain] INFO  com.zaxxer.hikari.pool.HikariPool - HikariPool-1 - Added connection com.mysql.cj.jdbc.ConnectionImpl@449eea18
2025-05-02 09:48:13 [restartedMain] INFO  com.zaxxer.hikari.HikariDataSource - HikariPool-1 - Start completed.
2025-05-02 09:48:13 [restartedMain] INFO  org.hibernate.jpa.internal.util.LogHelper - HHH000204: Processing PersistenceUnitInfo [name: default]
2025-05-02 09:48:13 [restartedMain] INFO  org.hibernate.Version - HHH000412: Hibernate ORM core version 6.6.11.Final
2025-05-02 09:48:13 [restartedMain] INFO  org.hibernate.cache.internal.RegionFactoryInitiator - HHH000026: Second-level cache disabled
2025-05-02 09:48:13 [restartedMain] INFO  org.springframework.orm.jpa.persistenceunit.SpringPersistenceUnitInfo - No LoadTimeWeaver setup: ignoring JPA class transformer
2025-05-02 09:48:14 [restartedMain] INFO  org.hibernate.orm.connections.pooling - HHH10001005: Database info:
	Database JDBC URL [Connecting through datasource 'HikariDataSource (HikariPool-1)']
	Database driver: undefined/unknown
	Database version: 8.0.41
	Autocommit mode: undefined/unknown
	Isolation level: undefined/unknown
	Minimum pool size: undefined/unknown
	Maximum pool size: undefined/unknown
2025-05-02 09:48:15 [restartedMain] INFO  org.hibernate.engine.transaction.jta.platform.internal.JtaPlatformInitiator - HHH000489: No JTA platform available (set 'hibernate.transaction.jta.platform' to enable JTA platform integration)
2025-05-02 09:48:15 [restartedMain] INFO  org.springframework.orm.jpa.LocalContainerEntityManagerFactoryBean - Initialized JPA EntityManagerFactory for persistence unit 'default'
2025-05-02 09:48:16 [restartedMain] WARN  org.springframework.boot.autoconfigure.orm.jpa.JpaBaseConfiguration$JpaWebConfiguration - spring.jpa.open-in-view is enabled by default. Therefore, database queries may be performed during view rendering. Explicitly configure spring.jpa.open-in-view to disable this warning
2025-05-02 09:48:16 [restartedMain] WARN  org.springframework.boot.autoconfigure.thymeleaf.ThymeleafAutoConfiguration$DefaultTemplateResolverConfiguration - Cannot find template location: classpath:/templates/ (please add some templates, check your Thymeleaf configuration, or set spring.thymeleaf.check-template-location=false)
2025-05-02 09:48:17 [restartedMain] INFO  org.springframework.boot.devtools.autoconfigure.OptionalLiveReloadServer - LiveReload server is running on port 35729
2025-05-02 09:48:17 [restartedMain] INFO  org.springframework.boot.actuate.endpoint.web.EndpointLinksResolver - Exposing 1 endpoint beneath base path '/actuator'
2025-05-02 09:48:17 [restartedMain] INFO  org.apache.coyote.http11.Http11NioProtocol - Starting ProtocolHandler ["http-nio-8080"]
2025-05-02 09:48:17 [restartedMain] INFO  org.springframework.boot.web.embedded.tomcat.TomcatWebServer - Tomcat started on port 8080 (http) with context path '/'
2025-05-02 09:48:17 [restartedMain] INFO  com.imperacred.BankLoanApplication.BankLoanApplication - Started BankLoanApplication in 6.909 seconds (process running for 8.049)
2025-05-02 09:48:17 [RMI TCP Connection(9)-127.0.0.1] INFO  org.apache.catalina.core.ContainerBase.[Tomcat].[localhost].[/] - Initializing Spring DispatcherServlet 'dispatcherServlet'
2025-05-02 09:48:17 [RMI TCP Connection(9)-127.0.0.1] INFO  org.springframework.web.servlet.DispatcherServlet - Initializing Servlet 'dispatcherServlet'
2025-05-02 09:48:17 [RMI TCP Connection(9)-127.0.0.1] INFO  org.springframework.web.servlet.DispatcherServlet - Completed initialization in 2 ms
2025-05-02 09:49:47 [http-nio-8080-exec-1] INFO  com.imperacred.BankLoanApplication.controller.AgentRegistrationLoginController - Received agent registration request for email: shakti@@gmail.com
2025-05-02 09:49:47 [http-nio-8080-exec-1] INFO  com.imperacred.BankLoanApplication.service.impl.AgentRegistrationLoginServiceImpl - Starting agent registration for email: shakti@@gmail.com
2025-05-02 09:49:47 [http-nio-8080-exec-1] DEBUG com.imperacred.BankLoanApplication.service.impl.AgentRegistrationLoginServiceImpl - Saved agent registration: com.imperacred.BankLoanApplication.model.AgentRegistration@5c6b6347
2025-05-02 09:49:47 [http-nio-8080-exec-1] DEBUG com.imperacred.BankLoanApplication.service.impl.AgentRegistrationLoginServiceImpl - Saved agent login details for: shakti@@gmail.com
2025-05-02 09:49:47 [http-nio-8080-exec-1] DEBUG com.imperacred.BankLoanApplication.service.impl.AgentRegistrationLoginServiceImpl - Saved basic agent info: shakti@@gmail.com
2025-05-02 09:49:47 [http-nio-8080-exec-1] INFO  com.imperacred.BankLoanApplication.controller.AgentRegistrationLoginController - Agent registered successfully for email: shakti@@gmail.com
2025-05-02 09:51:22 [http-nio-8080-exec-4] WARN  org.springframework.web.servlet.mvc.support.DefaultHandlerExceptionResolver - Resolved [org.springframework.web.method.annotation.MethodArgumentTypeMismatchException: Method parameter 'agents_id': Failed to convert value of type 'java.lang.String' to required type 'int'; For input string: "login"]
2025-05-02 09:51:29 [http-nio-8080-exec-8] INFO  com.imperacred.BankLoanApplication.controller.AgentRegistrationLoginController - Login attempt for email: shakti@gmail.com
2025-05-02 09:51:29 [http-nio-8080-exec-8] WARN  com.imperacred.BankLoanApplication.controller.AgentRegistrationLoginController - Login failed for email: shakti@gmail.com
2025-05-02 09:52:00 [http-nio-8080-exec-7] INFO  com.imperacred.BankLoanApplication.controller.AgentRegistrationLoginController - Login attempt for email: shakti@@gmail.com
2025-05-02 09:52:00 [http-nio-8080-exec-7] INFO  com.imperacred.BankLoanApplication.controller.AgentRegistrationLoginController - Login successful for email: shakti@@gmail.com
2025-05-02 09:54:27 [File Watcher] INFO  org.springframework.boot.devtools.autoconfigure.LocalDevToolsAutoConfiguration$RestartingClassPathChangeChangedEventListener - Restarting due to 1 class path change (0 additions, 0 deletions, 1 modification)
2025-05-02 09:54:27 [Thread-5] INFO  org.springframework.boot.web.embedded.tomcat.GracefulShutdown - Commencing graceful shutdown. Waiting for active requests to complete
2025-05-02 09:54:27 [tomcat-shutdown] INFO  org.apache.coyote.http11.Http11NioProtocol - Pausing ProtocolHandler ["http-nio-8080"]
2025-05-02 09:54:27 [tomcat-shutdown] INFO  org.springframework.boot.web.embedded.tomcat.GracefulShutdown - Graceful shutdown complete
2025-05-02 09:54:27 [Thread-5] INFO  org.apache.coyote.http11.Http11NioProtocol - Stopping ProtocolHandler ["http-nio-8080"]
2025-05-02 09:54:27 [Thread-5] INFO  org.springframework.orm.jpa.LocalContainerEntityManagerFactoryBean - Closing JPA EntityManagerFactory for persistence unit 'default'
2025-05-02 09:54:27 [Thread-5] INFO  com.zaxxer.hikari.HikariDataSource - HikariPool-1 - Shutdown initiated...
2025-05-02 09:54:27 [Thread-5] INFO  com.zaxxer.hikari.HikariDataSource - HikariPool-1 - Shutdown completed.
2025-05-02 09:54:27 [restartedMain] INFO  com.imperacred.BankLoanApplication.BankLoanApplication - Starting BankLoanApplication using Java 21.0.6 with PID 6100 (C:\Users\Administrator\git\LOS-\target\classes started by Administrator in C:\Users\Administrator\git\LOS-)
2025-05-02 09:54:27 [restartedMain] INFO  com.imperacred.BankLoanApplication.BankLoanApplication - No active profile set, falling back to 1 default profile: "default"
2025-05-02 09:54:28 [restartedMain] INFO  org.springframework.data.repository.config.RepositoryConfigurationDelegate - Bootstrapping Spring Data JPA repositories in DEFAULT mode.
2025-05-02 09:54:28 [restartedMain] INFO  org.springframework.data.repository.config.RepositoryConfigurationDelegate - Finished Spring Data repository scanning in 58 ms. Found 16 JPA repository interfaces.
2025-05-02 09:54:28 [restartedMain] INFO  org.springframework.boot.web.embedded.tomcat.TomcatWebServer - Tomcat initialized with port 8080 (http)
2025-05-02 09:54:28 [restartedMain] INFO  org.apache.coyote.http11.Http11NioProtocol - Initializing ProtocolHandler ["http-nio-8080"]
2025-05-02 09:54:28 [restartedMain] INFO  org.apache.catalina.core.StandardService - Starting service [Tomcat]
2025-05-02 09:54:28 [restartedMain] INFO  org.apache.catalina.core.StandardEngine - Starting Servlet engine: [Apache Tomcat/10.1.39]
2025-05-02 09:54:28 [restartedMain] INFO  org.apache.catalina.core.ContainerBase.[Tomcat].[localhost].[/] - Initializing Spring embedded WebApplicationContext
2025-05-02 09:54:28 [restartedMain] INFO  org.springframework.boot.web.servlet.context.ServletWebServerApplicationContext - Root WebApplicationContext: initialization completed in 688 ms
2025-05-02 09:54:28 [restartedMain] INFO  com.zaxxer.hikari.HikariDataSource - HikariPool-2 - Starting...
2025-05-02 09:54:28 [restartedMain] INFO  com.zaxxer.hikari.pool.HikariPool - HikariPool-2 - Added connection com.mysql.cj.jdbc.ConnectionImpl@60dd5244
2025-05-02 09:54:28 [restartedMain] INFO  com.zaxxer.hikari.HikariDataSource - HikariPool-2 - Start completed.
2025-05-02 09:54:28 [restartedMain] INFO  org.hibernate.jpa.internal.util.LogHelper - HHH000204: Processing PersistenceUnitInfo [name: default]
2025-05-02 09:54:28 [restartedMain] INFO  org.hibernate.cache.internal.RegionFactoryInitiator - HHH000026: Second-level cache disabled
2025-05-02 09:54:28 [restartedMain] INFO  org.springframework.orm.jpa.persistenceunit.SpringPersistenceUnitInfo - No LoadTimeWeaver setup: ignoring JPA class transformer
2025-05-02 09:54:28 [restartedMain] INFO  org.hibernate.orm.connections.pooling - HHH10001005: Database info:
	Database JDBC URL [Connecting through datasource 'HikariDataSource (HikariPool-2)']
	Database driver: undefined/unknown
	Database version: 8.0.41
	Autocommit mode: undefined/unknown
	Isolation level: undefined/unknown
	Minimum pool size: undefined/unknown
	Maximum pool size: undefined/unknown
2025-05-02 09:54:29 [restartedMain] INFO  org.hibernate.engine.transaction.jta.platform.internal.JtaPlatformInitiator - HHH000489: No JTA platform available (set 'hibernate.transaction.jta.platform' to enable JTA platform integration)
2025-05-02 09:54:29 [restartedMain] INFO  org.springframework.orm.jpa.LocalContainerEntityManagerFactoryBean - Initialized JPA EntityManagerFactory for persistence unit 'default'
2025-05-02 09:54:29 [restartedMain] WARN  org.springframework.boot.autoconfigure.orm.jpa.JpaBaseConfiguration$JpaWebConfiguration - spring.jpa.open-in-view is enabled by default. Therefore, database queries may be performed during view rendering. Explicitly configure spring.jpa.open-in-view to disable this warning
2025-05-02 09:54:29 [restartedMain] WARN  org.springframework.boot.autoconfigure.thymeleaf.ThymeleafAutoConfiguration$DefaultTemplateResolverConfiguration - Cannot find template location: classpath:/templates/ (please add some templates, check your Thymeleaf configuration, or set spring.thymeleaf.check-template-location=false)
2025-05-02 09:54:30 [restartedMain] INFO  org.springframework.boot.devtools.autoconfigure.OptionalLiveReloadServer - LiveReload server is running on port 35729
2025-05-02 09:54:30 [restartedMain] INFO  org.springframework.boot.actuate.endpoint.web.EndpointLinksResolver - Exposing 1 endpoint beneath base path '/actuator'
2025-05-02 09:54:30 [restartedMain] INFO  org.apache.coyote.http11.Http11NioProtocol - Starting ProtocolHandler ["http-nio-8080"]
2025-05-02 09:54:30 [restartedMain] INFO  org.springframework.boot.web.embedded.tomcat.TomcatWebServer - Tomcat started on port 8080 (http) with context path '/'
2025-05-02 09:54:30 [restartedMain] INFO  com.imperacred.BankLoanApplication.BankLoanApplication - Started BankLoanApplication in 2.375 seconds (process running for 381.142)
2025-05-02 09:54:30 [restartedMain] INFO  org.springframework.boot.devtools.autoconfigure.ConditionEvaluationDeltaLoggingListener - Condition evaluation unchanged
2025-05-02 09:55:48 [File Watcher] INFO  org.springframework.boot.devtools.autoconfigure.LocalDevToolsAutoConfiguration$RestartingClassPathChangeChangedEventListener - Restarting due to 1 class path change (0 additions, 0 deletions, 1 modification)
2025-05-02 09:55:48 [Thread-7] INFO  org.springframework.boot.web.embedded.tomcat.GracefulShutdown - Commencing graceful shutdown. Waiting for active requests to complete
2025-05-02 09:55:48 [tomcat-shutdown] INFO  org.apache.coyote.http11.Http11NioProtocol - Pausing ProtocolHandler ["http-nio-8080"]
2025-05-02 09:55:48 [tomcat-shutdown] INFO  org.springframework.boot.web.embedded.tomcat.GracefulShutdown - Graceful shutdown complete
2025-05-02 09:55:48 [Thread-7] INFO  org.apache.coyote.http11.Http11NioProtocol - Stopping ProtocolHandler ["http-nio-8080"]
2025-05-02 09:55:48 [Thread-7] INFO  org.springframework.orm.jpa.LocalContainerEntityManagerFactoryBean - Closing JPA EntityManagerFactory for persistence unit 'default'
2025-05-02 09:55:48 [Thread-7] INFO  com.zaxxer.hikari.HikariDataSource - HikariPool-2 - Shutdown initiated...
2025-05-02 09:55:48 [Thread-7] INFO  com.zaxxer.hikari.HikariDataSource - HikariPool-2 - Shutdown completed.
2025-05-02 09:55:48 [restartedMain] INFO  com.imperacred.BankLoanApplication.BankLoanApplication - Starting BankLoanApplication using Java 21.0.6 with PID 6100 (C:\Users\Administrator\git\LOS-\target\classes started by Administrator in C:\Users\Administrator\git\LOS-)
2025-05-02 09:55:48 [restartedMain] INFO  com.imperacred.BankLoanApplication.BankLoanApplication - No active profile set, falling back to 1 default profile: "default"
2025-05-02 09:55:48 [restartedMain] INFO  org.springframework.data.repository.config.RepositoryConfigurationDelegate - Bootstrapping Spring Data JPA repositories in DEFAULT mode.
2025-05-02 09:55:48 [restartedMain] INFO  org.springframework.data.repository.config.RepositoryConfigurationDelegate - Finished Spring Data repository scanning in 43 ms. Found 16 JPA repository interfaces.
2025-05-02 09:55:49 [restartedMain] INFO  org.springframework.boot.web.embedded.tomcat.TomcatWebServer - Tomcat initialized with port 8080 (http)
2025-05-02 09:55:49 [restartedMain] INFO  org.apache.coyote.http11.Http11NioProtocol - Initializing ProtocolHandler ["http-nio-8080"]
2025-05-02 09:55:49 [restartedMain] INFO  org.apache.catalina.core.StandardService - Starting service [Tomcat]
2025-05-02 09:55:49 [restartedMain] INFO  org.apache.catalina.core.StandardEngine - Starting Servlet engine: [Apache Tomcat/10.1.39]
2025-05-02 09:55:49 [restartedMain] INFO  org.apache.catalina.core.ContainerBase.[Tomcat].[localhost].[/] - Initializing Spring embedded WebApplicationContext
2025-05-02 09:55:49 [restartedMain] INFO  org.springframework.boot.web.servlet.context.ServletWebServerApplicationContext - Root WebApplicationContext: initialization completed in 618 ms
2025-05-02 09:55:49 [restartedMain] INFO  com.zaxxer.hikari.HikariDataSource - HikariPool-3 - Starting...
2025-05-02 09:55:49 [restartedMain] INFO  com.zaxxer.hikari.pool.HikariPool - HikariPool-3 - Added connection com.mysql.cj.jdbc.ConnectionImpl@b2e13d8
2025-05-02 09:55:49 [restartedMain] INFO  com.zaxxer.hikari.HikariDataSource - HikariPool-3 - Start completed.
2025-05-02 09:55:49 [restartedMain] INFO  org.hibernate.jpa.internal.util.LogHelper - HHH000204: Processing PersistenceUnitInfo [name: default]
2025-05-02 09:55:49 [restartedMain] INFO  org.hibernate.cache.internal.RegionFactoryInitiator - HHH000026: Second-level cache disabled
2025-05-02 09:55:49 [restartedMain] INFO  org.springframework.orm.jpa.persistenceunit.SpringPersistenceUnitInfo - No LoadTimeWeaver setup: ignoring JPA class transformer
2025-05-02 09:55:49 [restartedMain] INFO  org.hibernate.orm.connections.pooling - HHH10001005: Database info:
	Database JDBC URL [Connecting through datasource 'HikariDataSource (HikariPool-3)']
	Database driver: undefined/unknown
	Database version: 8.0.41
	Autocommit mode: undefined/unknown
	Isolation level: undefined/unknown
	Minimum pool size: undefined/unknown
	Maximum pool size: undefined/unknown
2025-05-02 09:55:49 [restartedMain] INFO  org.hibernate.engine.transaction.jta.platform.internal.JtaPlatformInitiator - HHH000489: No JTA platform available (set 'hibernate.transaction.jta.platform' to enable JTA platform integration)
2025-05-02 09:55:49 [restartedMain] INFO  org.springframework.orm.jpa.LocalContainerEntityManagerFactoryBean - Initialized JPA EntityManagerFactory for persistence unit 'default'
2025-05-02 09:55:49 [restartedMain] WARN  org.springframework.boot.autoconfigure.orm.jpa.JpaBaseConfiguration$JpaWebConfiguration - spring.jpa.open-in-view is enabled by default. Therefore, database queries may be performed during view rendering. Explicitly configure spring.jpa.open-in-view to disable this warning
2025-05-02 09:55:50 [restartedMain] WARN  org.springframework.boot.autoconfigure.thymeleaf.ThymeleafAutoConfiguration$DefaultTemplateResolverConfiguration - Cannot find template location: classpath:/templates/ (please add some templates, check your Thymeleaf configuration, or set spring.thymeleaf.check-template-location=false)
2025-05-02 09:55:50 [restartedMain] INFO  org.springframework.boot.devtools.autoconfigure.OptionalLiveReloadServer - LiveReload server is running on port 35729
2025-05-02 09:55:50 [restartedMain] INFO  org.springframework.boot.actuate.endpoint.web.EndpointLinksResolver - Exposing 1 endpoint beneath base path '/actuator'
2025-05-02 09:55:50 [restartedMain] INFO  org.apache.coyote.http11.Http11NioProtocol - Starting ProtocolHandler ["http-nio-8080"]
2025-05-02 09:55:50 [restartedMain] INFO  org.springframework.boot.web.embedded.tomcat.TomcatWebServer - Tomcat started on port 8080 (http) with context path '/'
2025-05-02 09:55:50 [restartedMain] INFO  com.imperacred.BankLoanApplication.BankLoanApplication - Started BankLoanApplication in 2.089 seconds (process running for 461.426)
2025-05-02 09:55:50 [restartedMain] INFO  org.springframework.boot.devtools.autoconfigure.ConditionEvaluationDeltaLoggingListener - Condition evaluation unchanged
2025-05-02 09:56:53 [File Watcher] INFO  org.springframework.boot.devtools.autoconfigure.LocalDevToolsAutoConfiguration$RestartingClassPathChangeChangedEventListener - Restarting due to 1 class path change (0 additions, 0 deletions, 1 modification)
2025-05-02 09:56:53 [Thread-11] INFO  org.springframework.boot.web.embedded.tomcat.GracefulShutdown - Commencing graceful shutdown. Waiting for active requests to complete
2025-05-02 09:56:53 [tomcat-shutdown] INFO  org.apache.coyote.http11.Http11NioProtocol - Pausing ProtocolHandler ["http-nio-8080"]
2025-05-02 09:56:53 [tomcat-shutdown] INFO  org.springframework.boot.web.embedded.tomcat.GracefulShutdown - Graceful shutdown complete
2025-05-02 09:56:53 [Thread-11] INFO  org.apache.coyote.http11.Http11NioProtocol - Stopping ProtocolHandler ["http-nio-8080"]
2025-05-02 09:56:53 [Thread-11] INFO  org.springframework.orm.jpa.LocalContainerEntityManagerFactoryBean - Closing JPA EntityManagerFactory for persistence unit 'default'
2025-05-02 09:56:53 [Thread-11] INFO  com.zaxxer.hikari.HikariDataSource - HikariPool-3 - Shutdown initiated...
2025-05-02 09:56:53 [Thread-11] INFO  com.zaxxer.hikari.HikariDataSource - HikariPool-3 - Shutdown completed.
2025-05-02 09:56:53 [restartedMain] INFO  com.imperacred.BankLoanApplication.BankLoanApplication - Starting BankLoanApplication using Java 21.0.6 with PID 6100 (C:\Users\Administrator\git\LOS-\target\classes started by Administrator in C:\Users\Administrator\git\LOS-)
2025-05-02 09:56:53 [restartedMain] INFO  com.imperacred.BankLoanApplication.BankLoanApplication - No active profile set, falling back to 1 default profile: "default"
2025-05-02 09:56:54 [restartedMain] INFO  org.springframework.data.repository.config.RepositoryConfigurationDelegate - Bootstrapping Spring Data JPA repositories in DEFAULT mode.
2025-05-02 09:56:54 [restartedMain] INFO  org.springframework.data.repository.config.RepositoryConfigurationDelegate - Finished Spring Data repository scanning in 43 ms. Found 16 JPA repository interfaces.
2025-05-02 09:56:54 [restartedMain] INFO  org.springframework.boot.web.embedded.tomcat.TomcatWebServer - Tomcat initialized with port 8080 (http)
2025-05-02 09:56:54 [restartedMain] INFO  org.apache.coyote.http11.Http11NioProtocol - Initializing ProtocolHandler ["http-nio-8080"]
2025-05-02 09:56:54 [restartedMain] INFO  org.apache.catalina.core.StandardService - Starting service [Tomcat]
2025-05-02 09:56:54 [restartedMain] INFO  org.apache.catalina.core.StandardEngine - Starting Servlet engine: [Apache Tomcat/10.1.39]
2025-05-02 09:56:54 [restartedMain] INFO  org.apache.catalina.core.ContainerBase.[Tomcat].[localhost].[/] - Initializing Spring embedded WebApplicationContext
2025-05-02 09:56:54 [restartedMain] INFO  org.springframework.boot.web.servlet.context.ServletWebServerApplicationContext - Root WebApplicationContext: initialization completed in 634 ms
2025-05-02 09:56:54 [restartedMain] INFO  com.zaxxer.hikari.HikariDataSource - HikariPool-4 - Starting...
2025-05-02 09:56:54 [restartedMain] INFO  com.zaxxer.hikari.pool.HikariPool - HikariPool-4 - Added connection com.mysql.cj.jdbc.ConnectionImpl@6e432c34
2025-05-02 09:56:54 [restartedMain] INFO  com.zaxxer.hikari.HikariDataSource - HikariPool-4 - Start completed.
2025-05-02 09:56:54 [restartedMain] INFO  org.hibernate.jpa.internal.util.LogHelper - HHH000204: Processing PersistenceUnitInfo [name: default]
2025-05-02 09:56:54 [restartedMain] INFO  org.hibernate.cache.internal.RegionFactoryInitiator - HHH000026: Second-level cache disabled
2025-05-02 09:56:54 [restartedMain] INFO  org.springframework.orm.jpa.persistenceunit.SpringPersistenceUnitInfo - No LoadTimeWeaver setup: ignoring JPA class transformer
2025-05-02 09:56:54 [restartedMain] INFO  org.hibernate.orm.connections.pooling - HHH10001005: Database info:
	Database JDBC URL [Connecting through datasource 'HikariDataSource (HikariPool-4)']
	Database driver: undefined/unknown
	Database version: 8.0.41
	Autocommit mode: undefined/unknown
	Isolation level: undefined/unknown
	Minimum pool size: undefined/unknown
	Maximum pool size: undefined/unknown
2025-05-02 09:56:55 [restartedMain] INFO  org.hibernate.engine.transaction.jta.platform.internal.JtaPlatformInitiator - HHH000489: No JTA platform available (set 'hibernate.transaction.jta.platform' to enable JTA platform integration)
2025-05-02 09:56:55 [restartedMain] INFO  org.springframework.orm.jpa.LocalContainerEntityManagerFactoryBean - Initialized JPA EntityManagerFactory for persistence unit 'default'
2025-05-02 09:56:55 [restartedMain] WARN  org.springframework.boot.autoconfigure.orm.jpa.JpaBaseConfiguration$JpaWebConfiguration - spring.jpa.open-in-view is enabled by default. Therefore, database queries may be performed during view rendering. Explicitly configure spring.jpa.open-in-view to disable this warning
2025-05-02 09:56:55 [restartedMain] WARN  org.springframework.boot.autoconfigure.thymeleaf.ThymeleafAutoConfiguration$DefaultTemplateResolverConfiguration - Cannot find template location: classpath:/templates/ (please add some templates, check your Thymeleaf configuration, or set spring.thymeleaf.check-template-location=false)
2025-05-02 09:56:55 [restartedMain] INFO  org.springframework.boot.devtools.autoconfigure.OptionalLiveReloadServer - LiveReload server is running on port 35729
2025-05-02 09:56:55 [restartedMain] INFO  org.springframework.boot.actuate.endpoint.web.EndpointLinksResolver - Exposing 1 endpoint beneath base path '/actuator'
2025-05-02 09:56:55 [restartedMain] INFO  org.apache.coyote.http11.Http11NioProtocol - Starting ProtocolHandler ["http-nio-8080"]
2025-05-02 09:56:55 [restartedMain] INFO  org.springframework.boot.web.embedded.tomcat.TomcatWebServer - Tomcat started on port 8080 (http) with context path '/'
2025-05-02 09:56:55 [restartedMain] INFO  com.imperacred.BankLoanApplication.BankLoanApplication - Started BankLoanApplication in 2.123 seconds (process running for 526.86)
2025-05-02 09:56:55 [restartedMain] INFO  org.springframework.boot.devtools.autoconfigure.ConditionEvaluationDeltaLoggingListener - Condition evaluation unchanged
2025-05-02 09:57:03 [File Watcher] INFO  org.springframework.boot.devtools.autoconfigure.LocalDevToolsAutoConfiguration$RestartingClassPathChangeChangedEventListener - Restarting due to 1 class path change (0 additions, 0 deletions, 1 modification)
2025-05-02 09:57:03 [Thread-15] INFO  org.springframework.boot.web.embedded.tomcat.GracefulShutdown - Commencing graceful shutdown. Waiting for active requests to complete
2025-05-02 09:57:03 [tomcat-shutdown] INFO  org.apache.coyote.http11.Http11NioProtocol - Pausing ProtocolHandler ["http-nio-8080"]
2025-05-02 09:57:03 [tomcat-shutdown] INFO  org.springframework.boot.web.embedded.tomcat.GracefulShutdown - Graceful shutdown complete
2025-05-02 09:57:03 [Thread-15] INFO  org.apache.coyote.http11.Http11NioProtocol - Stopping ProtocolHandler ["http-nio-8080"]
2025-05-02 09:57:03 [Thread-15] INFO  org.springframework.orm.jpa.LocalContainerEntityManagerFactoryBean - Closing JPA EntityManagerFactory for persistence unit 'default'
2025-05-02 09:57:03 [Thread-15] INFO  com.zaxxer.hikari.HikariDataSource - HikariPool-4 - Shutdown initiated...
2025-05-02 09:57:03 [Thread-15] INFO  com.zaxxer.hikari.HikariDataSource - HikariPool-4 - Shutdown completed.
2025-05-02 09:57:03 [restartedMain] INFO  com.imperacred.BankLoanApplication.BankLoanApplication - Starting BankLoanApplication using Java 21.0.6 with PID 6100 (C:\Users\Administrator\git\LOS-\target\classes started by Administrator in C:\Users\Administrator\git\LOS-)
2025-05-02 09:57:03 [restartedMain] INFO  com.imperacred.BankLoanApplication.BankLoanApplication - No active profile set, falling back to 1 default profile: "default"
2025-05-02 09:57:03 [restartedMain] INFO  org.springframework.data.repository.config.RepositoryConfigurationDelegate - Bootstrapping Spring Data JPA repositories in DEFAULT mode.
2025-05-02 09:57:04 [restartedMain] INFO  org.springframework.data.repository.config.RepositoryConfigurationDelegate - Finished Spring Data repository scanning in 42 ms. Found 16 JPA repository interfaces.
2025-05-02 09:57:04 [restartedMain] INFO  org.springframework.boot.web.embedded.tomcat.TomcatWebServer - Tomcat initialized with port 8080 (http)
2025-05-02 09:57:04 [restartedMain] INFO  org.apache.coyote.http11.Http11NioProtocol - Initializing ProtocolHandler ["http-nio-8080"]
2025-05-02 09:57:04 [restartedMain] INFO  org.apache.catalina.core.StandardService - Starting service [Tomcat]
2025-05-02 09:57:04 [restartedMain] INFO  org.apache.catalina.core.StandardEngine - Starting Servlet engine: [Apache Tomcat/10.1.39]
2025-05-02 09:57:04 [restartedMain] INFO  org.apache.catalina.core.ContainerBase.[Tomcat].[localhost].[/] - Initializing Spring embedded WebApplicationContext
2025-05-02 09:57:04 [restartedMain] INFO  org.springframework.boot.web.servlet.context.ServletWebServerApplicationContext - Root WebApplicationContext: initialization completed in 554 ms
2025-05-02 09:57:04 [restartedMain] INFO  com.zaxxer.hikari.HikariDataSource - HikariPool-5 - Starting...
2025-05-02 09:57:04 [restartedMain] INFO  com.zaxxer.hikari.pool.HikariPool - HikariPool-5 - Added connection com.mysql.cj.jdbc.ConnectionImpl@12ce22d6
2025-05-02 09:57:04 [restartedMain] INFO  com.zaxxer.hikari.HikariDataSource - HikariPool-5 - Start completed.
2025-05-02 09:57:04 [restartedMain] INFO  org.hibernate.jpa.internal.util.LogHelper - HHH000204: Processing PersistenceUnitInfo [name: default]
2025-05-02 09:57:04 [restartedMain] INFO  org.hibernate.cache.internal.RegionFactoryInitiator - HHH000026: Second-level cache disabled
2025-05-02 09:57:04 [restartedMain] INFO  org.springframework.orm.jpa.persistenceunit.SpringPersistenceUnitInfo - No LoadTimeWeaver setup: ignoring JPA class transformer
2025-05-02 09:57:04 [restartedMain] INFO  org.hibernate.orm.connections.pooling - HHH10001005: Database info:
	Database JDBC URL [Connecting through datasource 'HikariDataSource (HikariPool-5)']
	Database driver: undefined/unknown
	Database version: 8.0.41
	Autocommit mode: undefined/unknown
	Isolation level: undefined/unknown
	Minimum pool size: undefined/unknown
	Maximum pool size: undefined/unknown
2025-05-02 09:57:04 [restartedMain] INFO  org.hibernate.engine.transaction.jta.platform.internal.JtaPlatformInitiator - HHH000489: No JTA platform available (set 'hibernate.transaction.jta.platform' to enable JTA platform integration)
2025-05-02 09:57:04 [restartedMain] INFO  org.springframework.orm.jpa.LocalContainerEntityManagerFactoryBean - Initialized JPA EntityManagerFactory for persistence unit 'default'
2025-05-02 09:57:04 [restartedMain] WARN  org.springframework.boot.autoconfigure.orm.jpa.JpaBaseConfiguration$JpaWebConfiguration - spring.jpa.open-in-view is enabled by default. Therefore, database queries may be performed during view rendering. Explicitly configure spring.jpa.open-in-view to disable this warning
2025-05-02 09:57:05 [restartedMain] WARN  org.springframework.boot.autoconfigure.thymeleaf.ThymeleafAutoConfiguration$DefaultTemplateResolverConfiguration - Cannot find template location: classpath:/templates/ (please add some templates, check your Thymeleaf configuration, or set spring.thymeleaf.check-template-location=false)
2025-05-02 09:57:05 [restartedMain] INFO  org.springframework.boot.devtools.autoconfigure.OptionalLiveReloadServer - LiveReload server is running on port 35729
2025-05-02 09:57:05 [restartedMain] INFO  org.springframework.boot.actuate.endpoint.web.EndpointLinksResolver - Exposing 1 endpoint beneath base path '/actuator'
2025-05-02 09:57:05 [restartedMain] INFO  org.apache.coyote.http11.Http11NioProtocol - Starting ProtocolHandler ["http-nio-8080"]
2025-05-02 09:57:05 [restartedMain] INFO  org.springframework.boot.web.embedded.tomcat.TomcatWebServer - Tomcat started on port 8080 (http) with context path '/'
2025-05-02 09:57:05 [restartedMain] INFO  com.imperacred.BankLoanApplication.BankLoanApplication - Started BankLoanApplication in 1.896 seconds (process running for 536.415)
2025-05-02 09:57:05 [restartedMain] INFO  org.springframework.boot.devtools.autoconfigure.ConditionEvaluationDeltaLoggingListener - Condition evaluation unchanged
2025-05-02 09:58:39 [File Watcher] INFO  org.springframework.boot.devtools.autoconfigure.LocalDevToolsAutoConfiguration$RestartingClassPathChangeChangedEventListener - Restarting due to 1 class path change (0 additions, 0 deletions, 1 modification)
2025-05-02 09:58:39 [Thread-19] INFO  org.springframework.boot.web.embedded.tomcat.GracefulShutdown - Commencing graceful shutdown. Waiting for active requests to complete
2025-05-02 09:58:39 [tomcat-shutdown] INFO  org.apache.coyote.http11.Http11NioProtocol - Pausing ProtocolHandler ["http-nio-8080"]
2025-05-02 09:58:39 [tomcat-shutdown] INFO  org.springframework.boot.web.embedded.tomcat.GracefulShutdown - Graceful shutdown complete
2025-05-02 09:58:39 [Thread-19] INFO  org.apache.coyote.http11.Http11NioProtocol - Stopping ProtocolHandler ["http-nio-8080"]
2025-05-02 09:58:39 [Thread-19] INFO  org.springframework.orm.jpa.LocalContainerEntityManagerFactoryBean - Closing JPA EntityManagerFactory for persistence unit 'default'
2025-05-02 09:58:39 [Thread-19] INFO  com.zaxxer.hikari.HikariDataSource - HikariPool-5 - Shutdown initiated...
2025-05-02 09:58:39 [Thread-19] INFO  com.zaxxer.hikari.HikariDataSource - HikariPool-5 - Shutdown completed.
2025-05-02 09:58:39 [restartedMain] INFO  com.imperacred.BankLoanApplication.BankLoanApplication - Starting BankLoanApplication using Java 21.0.6 with PID 6100 (C:\Users\Administrator\git\LOS-\target\classes started by Administrator in C:\Users\Administrator\git\LOS-)
2025-05-02 09:58:39 [restartedMain] INFO  com.imperacred.BankLoanApplication.BankLoanApplication - No active profile set, falling back to 1 default profile: "default"
2025-05-02 09:58:39 [restartedMain] INFO  org.springframework.data.repository.config.RepositoryConfigurationDelegate - Bootstrapping Spring Data JPA repositories in DEFAULT mode.
2025-05-02 09:58:39 [restartedMain] INFO  org.springframework.data.repository.config.RepositoryConfigurationDelegate - Finished Spring Data repository scanning in 41 ms. Found 16 JPA repository interfaces.
2025-05-02 09:58:39 [restartedMain] INFO  org.springframework.boot.web.embedded.tomcat.TomcatWebServer - Tomcat initialized with port 8080 (http)
2025-05-02 09:58:39 [restartedMain] INFO  org.apache.coyote.http11.Http11NioProtocol - Initializing ProtocolHandler ["http-nio-8080"]
2025-05-02 09:58:39 [restartedMain] INFO  org.apache.catalina.core.StandardService - Starting service [Tomcat]
2025-05-02 09:58:39 [restartedMain] INFO  org.apache.catalina.core.StandardEngine - Starting Servlet engine: [Apache Tomcat/10.1.39]
2025-05-02 09:58:39 [restartedMain] INFO  org.apache.catalina.core.ContainerBase.[Tomcat].[localhost].[/] - Initializing Spring embedded WebApplicationContext
2025-05-02 09:58:39 [restartedMain] INFO  org.springframework.boot.web.servlet.context.ServletWebServerApplicationContext - Root WebApplicationContext: initialization completed in 574 ms
2025-05-02 09:58:40 [restartedMain] INFO  com.zaxxer.hikari.HikariDataSource - HikariPool-6 - Starting...
2025-05-02 09:58:40 [restartedMain] INFO  com.zaxxer.hikari.pool.HikariPool - HikariPool-6 - Added connection com.mysql.cj.jdbc.ConnectionImpl@ae8ac76
2025-05-02 09:58:40 [restartedMain] INFO  com.zaxxer.hikari.HikariDataSource - HikariPool-6 - Start completed.
2025-05-02 09:58:40 [restartedMain] INFO  org.hibernate.jpa.internal.util.LogHelper - HHH000204: Processing PersistenceUnitInfo [name: default]
2025-05-02 09:58:40 [restartedMain] INFO  org.hibernate.cache.internal.RegionFactoryInitiator - HHH000026: Second-level cache disabled
2025-05-02 09:58:40 [restartedMain] INFO  org.springframework.orm.jpa.persistenceunit.SpringPersistenceUnitInfo - No LoadTimeWeaver setup: ignoring JPA class transformer
2025-05-02 09:58:40 [restartedMain] INFO  org.hibernate.orm.connections.pooling - HHH10001005: Database info:
	Database JDBC URL [Connecting through datasource 'HikariDataSource (HikariPool-6)']
	Database driver: undefined/unknown
	Database version: 8.0.41
	Autocommit mode: undefined/unknown
	Isolation level: undefined/unknown
	Minimum pool size: undefined/unknown
	Maximum pool size: undefined/unknown
2025-05-02 09:58:40 [restartedMain] INFO  org.hibernate.engine.transaction.jta.platform.internal.JtaPlatformInitiator - HHH000489: No JTA platform available (set 'hibernate.transaction.jta.platform' to enable JTA platform integration)
2025-05-02 09:58:40 [restartedMain] INFO  org.springframework.orm.jpa.LocalContainerEntityManagerFactoryBean - Initialized JPA EntityManagerFactory for persistence unit 'default'
2025-05-02 09:58:40 [restartedMain] WARN  org.springframework.boot.autoconfigure.orm.jpa.JpaBaseConfiguration$JpaWebConfiguration - spring.jpa.open-in-view is enabled by default. Therefore, database queries may be performed during view rendering. Explicitly configure spring.jpa.open-in-view to disable this warning
2025-05-02 09:58:40 [restartedMain] WARN  org.springframework.boot.autoconfigure.thymeleaf.ThymeleafAutoConfiguration$DefaultTemplateResolverConfiguration - Cannot find template location: classpath:/templates/ (please add some templates, check your Thymeleaf configuration, or set spring.thymeleaf.check-template-location=false)
2025-05-02 09:58:41 [restartedMain] INFO  org.springframework.boot.devtools.autoconfigure.OptionalLiveReloadServer - LiveReload server is running on port 35729
2025-05-02 09:58:41 [restartedMain] INFO  org.springframework.boot.actuate.endpoint.web.EndpointLinksResolver - Exposing 1 endpoint beneath base path '/actuator'
2025-05-02 09:58:41 [restartedMain] INFO  org.apache.coyote.http11.Http11NioProtocol - Starting ProtocolHandler ["http-nio-8080"]
2025-05-02 09:58:41 [restartedMain] INFO  org.springframework.boot.web.embedded.tomcat.TomcatWebServer - Tomcat started on port 8080 (http) with context path '/'
2025-05-02 09:58:41 [restartedMain] INFO  com.imperacred.BankLoanApplication.BankLoanApplication - Started BankLoanApplication in 1.959 seconds (process running for 632.187)
2025-05-02 09:58:41 [restartedMain] INFO  org.springframework.boot.devtools.autoconfigure.ConditionEvaluationDeltaLoggingListener - Condition evaluation unchanged
2025-05-02 09:58:49 [File Watcher] INFO  org.springframework.boot.devtools.autoconfigure.LocalDevToolsAutoConfiguration$RestartingClassPathChangeChangedEventListener - Restarting due to 1 class path change (0 additions, 0 deletions, 1 modification)
2025-05-02 09:58:49 [Thread-23] INFO  org.springframework.boot.web.embedded.tomcat.GracefulShutdown - Commencing graceful shutdown. Waiting for active requests to complete
2025-05-02 09:58:49 [tomcat-shutdown] INFO  org.apache.coyote.http11.Http11NioProtocol - Pausing ProtocolHandler ["http-nio-8080"]
2025-05-02 09:58:49 [tomcat-shutdown] INFO  org.springframework.boot.web.embedded.tomcat.GracefulShutdown - Graceful shutdown complete
2025-05-02 09:58:49 [Thread-23] INFO  org.apache.coyote.http11.Http11NioProtocol - Stopping ProtocolHandler ["http-nio-8080"]
2025-05-02 09:58:49 [Thread-23] INFO  org.springframework.orm.jpa.LocalContainerEntityManagerFactoryBean - Closing JPA EntityManagerFactory for persistence unit 'default'
2025-05-02 09:58:49 [Thread-23] INFO  com.zaxxer.hikari.HikariDataSource - HikariPool-6 - Shutdown initiated...
2025-05-02 09:58:49 [Thread-23] INFO  com.zaxxer.hikari.HikariDataSource - HikariPool-6 - Shutdown completed.
2025-05-02 09:58:50 [restartedMain] INFO  com.imperacred.BankLoanApplication.BankLoanApplication - Starting BankLoanApplication using Java 21.0.6 with PID 6100 (C:\Users\Administrator\git\LOS-\target\classes started by Administrator in C:\Users\Administrator\git\LOS-)
2025-05-02 09:58:50 [restartedMain] INFO  com.imperacred.BankLoanApplication.BankLoanApplication - No active profile set, falling back to 1 default profile: "default"
2025-05-02 09:58:50 [restartedMain] INFO  org.springframework.data.repository.config.RepositoryConfigurationDelegate - Bootstrapping Spring Data JPA repositories in DEFAULT mode.
2025-05-02 09:58:50 [restartedMain] INFO  org.springframework.data.repository.config.RepositoryConfigurationDelegate - Finished Spring Data repository scanning in 40 ms. Found 16 JPA repository interfaces.
2025-05-02 09:58:50 [restartedMain] INFO  org.springframework.boot.web.embedded.tomcat.TomcatWebServer - Tomcat initialized with port 8080 (http)
2025-05-02 09:58:50 [restartedMain] INFO  org.apache.coyote.http11.Http11NioProtocol - Initializing ProtocolHandler ["http-nio-8080"]
2025-05-02 09:58:50 [restartedMain] INFO  org.apache.catalina.core.StandardService - Starting service [Tomcat]
2025-05-02 09:58:50 [restartedMain] INFO  org.apache.catalina.core.StandardEngine - Starting Servlet engine: [Apache Tomcat/10.1.39]
2025-05-02 09:58:50 [restartedMain] INFO  org.apache.catalina.core.ContainerBase.[Tomcat].[localhost].[/] - Initializing Spring embedded WebApplicationContext
2025-05-02 09:58:50 [restartedMain] INFO  org.springframework.boot.web.servlet.context.ServletWebServerApplicationContext - Root WebApplicationContext: initialization completed in 558 ms
2025-05-02 09:58:50 [restartedMain] INFO  com.zaxxer.hikari.HikariDataSource - HikariPool-7 - Starting...
2025-05-02 09:58:50 [restartedMain] INFO  com.zaxxer.hikari.pool.HikariPool - HikariPool-7 - Added connection com.mysql.cj.jdbc.ConnectionImpl@232c77d3
2025-05-02 09:58:50 [restartedMain] INFO  com.zaxxer.hikari.HikariDataSource - HikariPool-7 - Start completed.
2025-05-02 09:58:50 [restartedMain] INFO  org.hibernate.jpa.internal.util.LogHelper - HHH000204: Processing PersistenceUnitInfo [name: default]
2025-05-02 09:58:50 [restartedMain] INFO  org.hibernate.cache.internal.RegionFactoryInitiator - HHH000026: Second-level cache disabled
2025-05-02 09:58:50 [restartedMain] INFO  org.springframework.orm.jpa.persistenceunit.SpringPersistenceUnitInfo - No LoadTimeWeaver setup: ignoring JPA class transformer
2025-05-02 09:58:50 [restartedMain] INFO  org.hibernate.orm.connections.pooling - HHH10001005: Database info:
	Database JDBC URL [Connecting through datasource 'HikariDataSource (HikariPool-7)']
	Database driver: undefined/unknown
	Database version: 8.0.41
	Autocommit mode: undefined/unknown
	Isolation level: undefined/unknown
	Minimum pool size: undefined/unknown
	Maximum pool size: undefined/unknown
2025-05-02 09:58:51 [restartedMain] INFO  org.hibernate.engine.transaction.jta.platform.internal.JtaPlatformInitiator - HHH000489: No JTA platform available (set 'hibernate.transaction.jta.platform' to enable JTA platform integration)
2025-05-02 09:58:51 [restartedMain] INFO  org.springframework.orm.jpa.LocalContainerEntityManagerFactoryBean - Initialized JPA EntityManagerFactory for persistence unit 'default'
2025-05-02 09:58:51 [restartedMain] WARN  org.springframework.boot.autoconfigure.orm.jpa.JpaBaseConfiguration$JpaWebConfiguration - spring.jpa.open-in-view is enabled by default. Therefore, database queries may be performed during view rendering. Explicitly configure spring.jpa.open-in-view to disable this warning
2025-05-02 09:58:51 [restartedMain] WARN  org.springframework.boot.autoconfigure.thymeleaf.ThymeleafAutoConfiguration$DefaultTemplateResolverConfiguration - Cannot find template location: classpath:/templates/ (please add some templates, check your Thymeleaf configuration, or set spring.thymeleaf.check-template-location=false)
2025-05-02 09:58:51 [restartedMain] INFO  org.springframework.boot.devtools.autoconfigure.OptionalLiveReloadServer - LiveReload server is running on port 35729
2025-05-02 09:58:51 [restartedMain] INFO  org.springframework.boot.actuate.endpoint.web.EndpointLinksResolver - Exposing 1 endpoint beneath base path '/actuator'
2025-05-02 09:58:51 [restartedMain] INFO  org.apache.coyote.http11.Http11NioProtocol - Starting ProtocolHandler ["http-nio-8080"]
2025-05-02 09:58:51 [restartedMain] INFO  org.springframework.boot.web.embedded.tomcat.TomcatWebServer - Tomcat started on port 8080 (http) with context path '/'
2025-05-02 09:58:51 [restartedMain] INFO  com.imperacred.BankLoanApplication.BankLoanApplication - Started BankLoanApplication in 1.91 seconds (process running for 642.817)
2025-05-02 09:58:51 [restartedMain] INFO  org.springframework.boot.devtools.autoconfigure.ConditionEvaluationDeltaLoggingListener - Condition evaluation unchanged
2025-05-02 09:59:00 [RMI TCP Connection(33)-127.0.0.1] INFO  org.springframework.boot.admin.SpringApplicationAdminMXBeanRegistrar$SpringApplicationAdmin - Application shutdown requested.
2025-05-02 09:59:00 [RMI TCP Connection(33)-127.0.0.1] INFO  org.springframework.boot.web.embedded.tomcat.GracefulShutdown - Commencing graceful shutdown. Waiting for active requests to complete
2025-05-02 09:59:00 [tomcat-shutdown] INFO  org.apache.coyote.http11.Http11NioProtocol - Pausing ProtocolHandler ["http-nio-8080"]
2025-05-02 09:59:00 [tomcat-shutdown] INFO  org.springframework.boot.web.embedded.tomcat.GracefulShutdown - Graceful shutdown complete
2025-05-02 09:59:00 [RMI TCP Connection(33)-127.0.0.1] INFO  org.apache.coyote.http11.Http11NioProtocol - Stopping ProtocolHandler ["http-nio-8080"]
2025-05-02 09:59:00 [RMI TCP Connection(33)-127.0.0.1] INFO  org.springframework.orm.jpa.LocalContainerEntityManagerFactoryBean - Closing JPA EntityManagerFactory for persistence unit 'default'
2025-05-02 09:59:00 [RMI TCP Connection(33)-127.0.0.1] INFO  com.zaxxer.hikari.HikariDataSource - HikariPool-7 - Shutdown initiated...
2025-05-02 09:59:00 [RMI TCP Connection(33)-127.0.0.1] INFO  com.zaxxer.hikari.HikariDataSource - HikariPool-7 - Shutdown completed.
2025-05-02 09:59:29 [background-preinit] INFO  org.hibernate.validator.internal.util.Version - HV000001: Hibernate Validator 8.0.2.Final
2025-05-02 09:59:29 [restartedMain] INFO  com.imperacred.BankLoanApplication.BankLoanApplication - Starting BankLoanApplication using Java 21.0.6 with PID 17392 (C:\Users\Administrator\git\LOS-\target\classes started by Administrator in C:\Users\Administrator\git\LOS-)
2025-05-02 09:59:29 [restartedMain] INFO  com.imperacred.BankLoanApplication.BankLoanApplication - No active profile set, falling back to 1 default profile: "default"
2025-05-02 09:59:29 [restartedMain] INFO  org.springframework.boot.devtools.env.DevToolsPropertyDefaultsPostProcessor - Devtools property defaults active! Set 'spring.devtools.add-properties' to 'false' to disable
2025-05-02 09:59:29 [restartedMain] INFO  org.springframework.boot.devtools.env.DevToolsPropertyDefaultsPostProcessor - For additional web related logging consider setting the 'logging.level.web' property to 'DEBUG'
2025-05-02 09:59:31 [restartedMain] INFO  org.springframework.data.repository.config.RepositoryConfigurationDelegate - Bootstrapping Spring Data JPA repositories in DEFAULT mode.
2025-05-02 09:59:31 [restartedMain] INFO  org.springframework.data.repository.config.RepositoryConfigurationDelegate - Finished Spring Data repository scanning in 110 ms. Found 16 JPA repository interfaces.
2025-05-02 09:59:31 [restartedMain] INFO  org.springframework.boot.web.embedded.tomcat.TomcatWebServer - Tomcat initialized with port 8080 (http)
2025-05-02 09:59:31 [restartedMain] INFO  org.apache.coyote.http11.Http11NioProtocol - Initializing ProtocolHandler ["http-nio-8080"]
2025-05-02 09:59:31 [restartedMain] INFO  org.apache.catalina.core.StandardService - Starting service [Tomcat]
2025-05-02 09:59:31 [restartedMain] INFO  org.apache.catalina.core.StandardEngine - Starting Servlet engine: [Apache Tomcat/10.1.39]
2025-05-02 09:59:32 [restartedMain] INFO  org.apache.catalina.core.ContainerBase.[Tomcat].[localhost].[/] - Initializing Spring embedded WebApplicationContext
2025-05-02 09:59:32 [restartedMain] INFO  org.springframework.boot.web.servlet.context.ServletWebServerApplicationContext - Root WebApplicationContext: initialization completed in 2077 ms
2025-05-02 09:59:32 [restartedMain] INFO  com.zaxxer.hikari.HikariDataSource - HikariPool-1 - Starting...
2025-05-02 09:59:32 [restartedMain] INFO  com.zaxxer.hikari.pool.HikariPool - HikariPool-1 - Added connection com.mysql.cj.jdbc.ConnectionImpl@15945563
2025-05-02 09:59:32 [restartedMain] INFO  com.zaxxer.hikari.HikariDataSource - HikariPool-1 - Start completed.
2025-05-02 09:59:32 [restartedMain] INFO  org.hibernate.jpa.internal.util.LogHelper - HHH000204: Processing PersistenceUnitInfo [name: default]
2025-05-02 09:59:32 [restartedMain] INFO  org.hibernate.Version - HHH000412: Hibernate ORM core version 6.6.11.Final
2025-05-02 09:59:32 [restartedMain] INFO  org.hibernate.cache.internal.RegionFactoryInitiator - HHH000026: Second-level cache disabled
2025-05-02 09:59:33 [restartedMain] INFO  org.springframework.orm.jpa.persistenceunit.SpringPersistenceUnitInfo - No LoadTimeWeaver setup: ignoring JPA class transformer
2025-05-02 09:59:33 [restartedMain] INFO  org.hibernate.orm.connections.pooling - HHH10001005: Database info:
	Database JDBC URL [Connecting through datasource 'HikariDataSource (HikariPool-1)']
	Database driver: undefined/unknown
	Database version: 8.0.41
	Autocommit mode: undefined/unknown
	Isolation level: undefined/unknown
	Minimum pool size: undefined/unknown
	Maximum pool size: undefined/unknown
2025-05-02 09:59:34 [restartedMain] INFO  org.hibernate.engine.transaction.jta.platform.internal.JtaPlatformInitiator - HHH000489: No JTA platform available (set 'hibernate.transaction.jta.platform' to enable JTA platform integration)
2025-05-02 09:59:34 [restartedMain] INFO  org.springframework.orm.jpa.LocalContainerEntityManagerFactoryBean - Initialized JPA EntityManagerFactory for persistence unit 'default'
2025-05-02 09:59:35 [restartedMain] WARN  org.springframework.boot.autoconfigure.orm.jpa.JpaBaseConfiguration$JpaWebConfiguration - spring.jpa.open-in-view is enabled by default. Therefore, database queries may be performed during view rendering. Explicitly configure spring.jpa.open-in-view to disable this warning
2025-05-02 09:59:35 [restartedMain] WARN  org.springframework.boot.autoconfigure.thymeleaf.ThymeleafAutoConfiguration$DefaultTemplateResolverConfiguration - Cannot find template location: classpath:/templates/ (please add some templates, check your Thymeleaf configuration, or set spring.thymeleaf.check-template-location=false)
2025-05-02 09:59:36 [restartedMain] INFO  org.springframework.boot.devtools.autoconfigure.OptionalLiveReloadServer - LiveReload server is running on port 35729
2025-05-02 09:59:36 [restartedMain] INFO  org.springframework.boot.actuate.endpoint.web.EndpointLinksResolver - Exposing 1 endpoint beneath base path '/actuator'
2025-05-02 09:59:36 [restartedMain] INFO  org.apache.coyote.http11.Http11NioProtocol - Starting ProtocolHandler ["http-nio-8080"]
2025-05-02 09:59:36 [restartedMain] INFO  org.springframework.boot.web.embedded.tomcat.TomcatWebServer - Tomcat started on port 8080 (http) with context path '/'
2025-05-02 09:59:36 [restartedMain] INFO  com.imperacred.BankLoanApplication.BankLoanApplication - Started BankLoanApplication in 6.647 seconds (process running for 7.694)
2025-05-02 09:59:36 [RMI TCP Connection(8)-127.0.0.1] INFO  org.apache.catalina.core.ContainerBase.[Tomcat].[localhost].[/] - Initializing Spring DispatcherServlet 'dispatcherServlet'
2025-05-02 09:59:36 [RMI TCP Connection(8)-127.0.0.1] INFO  org.springframework.web.servlet.DispatcherServlet - Initializing Servlet 'dispatcherServlet'
2025-05-02 09:59:36 [RMI TCP Connection(8)-127.0.0.1] INFO  org.springframework.web.servlet.DispatcherServlet - Completed initialization in 1 ms
2025-05-02 10:00:02 [http-nio-8080-exec-1] INFO  com.imperacred.BankLoanApplication.controller.LeadAssignmentController - Received lead assignment request for lead ID: 25
2025-05-02 10:00:02 [http-nio-8080-exec-1] INFO  com.imperacred.BankLoanApplication.service.impl.LeadAssignmentServiceImpl - Starting lead assignment for lead ID: 25
2025-05-02 10:00:02 [http-nio-8080-exec-1] DEBUG com.imperacred.BankLoanApplication.service.impl.LeadAssignmentServiceImpl - Found lead: mnuja
2025-05-02 10:00:02 [http-nio-8080-exec-1] DEBUG com.imperacred.BankLoanApplication.service.impl.LeadAssignmentServiceImpl - Assigning lead to agent ID: 4
2025-05-02 10:00:02 [http-nio-8080-exec-1] INFO  com.imperacred.BankLoanApplication.service.impl.LeadAssignmentServiceImpl - Updated agent load for agent ID: 4
2025-05-02 10:00:02 [http-nio-8080-exec-1] INFO  com.imperacred.BankLoanApplication.service.impl.LeadAssignmentServiceImpl - Lead assigned: Lead ID 25 -> Agent ID 4
2025-05-02 10:00:02 [http-nio-8080-exec-1] INFO  com.imperacred.BankLoanApplication.controller.LeadAssignmentController - Lead successfully assigned: Lead ID 25 -> Agent ID 4
2025-05-02 10:05:16 [File Watcher] INFO  org.springframework.boot.devtools.autoconfigure.LocalDevToolsAutoConfiguration$RestartingClassPathChangeChangedEventListener - Restarting due to 1 class path change (0 additions, 0 deletions, 1 modification)
2025-05-02 10:05:16 [Thread-5] INFO  org.springframework.boot.web.embedded.tomcat.GracefulShutdown - Commencing graceful shutdown. Waiting for active requests to complete
2025-05-02 10:05:16 [tomcat-shutdown] INFO  org.apache.coyote.http11.Http11NioProtocol - Pausing ProtocolHandler ["http-nio-8080"]
2025-05-02 10:05:16 [tomcat-shutdown] INFO  org.springframework.boot.web.embedded.tomcat.GracefulShutdown - Graceful shutdown complete
2025-05-02 10:05:16 [Thread-5] INFO  org.apache.coyote.http11.Http11NioProtocol - Stopping ProtocolHandler ["http-nio-8080"]
2025-05-02 10:05:16 [Thread-5] INFO  org.springframework.orm.jpa.LocalContainerEntityManagerFactoryBean - Closing JPA EntityManagerFactory for persistence unit 'default'
2025-05-02 10:05:16 [Thread-5] INFO  com.zaxxer.hikari.HikariDataSource - HikariPool-1 - Shutdown initiated...
2025-05-02 10:05:16 [Thread-5] INFO  com.zaxxer.hikari.HikariDataSource - HikariPool-1 - Shutdown completed.
2025-05-02 10:05:16 [restartedMain] INFO  com.imperacred.BankLoanApplication.BankLoanApplication - Starting BankLoanApplication using Java 21.0.6 with PID 17392 (C:\Users\Administrator\git\LOS-\target\classes started by Administrator in C:\Users\Administrator\git\LOS-)
2025-05-02 10:05:16 [restartedMain] INFO  com.imperacred.BankLoanApplication.BankLoanApplication - No active profile set, falling back to 1 default profile: "default"
2025-05-02 10:05:16 [restartedMain] INFO  org.springframework.data.repository.config.RepositoryConfigurationDelegate - Bootstrapping Spring Data JPA repositories in DEFAULT mode.
2025-05-02 10:05:16 [restartedMain] INFO  org.springframework.data.repository.config.RepositoryConfigurationDelegate - Finished Spring Data repository scanning in 54 ms. Found 16 JPA repository interfaces.
2025-05-02 10:05:17 [restartedMain] INFO  org.springframework.boot.web.embedded.tomcat.TomcatWebServer - Tomcat initialized with port 8080 (http)
2025-05-02 10:05:17 [restartedMain] INFO  org.apache.coyote.http11.Http11NioProtocol - Initializing ProtocolHandler ["http-nio-8080"]
2025-05-02 10:05:17 [restartedMain] INFO  org.apache.catalina.core.StandardService - Starting service [Tomcat]
2025-05-02 10:05:17 [restartedMain] INFO  org.apache.catalina.core.StandardEngine - Starting Servlet engine: [Apache Tomcat/10.1.39]
2025-05-02 10:05:17 [restartedMain] INFO  org.apache.catalina.core.ContainerBase.[Tomcat].[localhost].[/] - Initializing Spring embedded WebApplicationContext
2025-05-02 10:05:17 [restartedMain] INFO  org.springframework.boot.web.servlet.context.ServletWebServerApplicationContext - Root WebApplicationContext: initialization completed in 758 ms
2025-05-02 10:05:17 [restartedMain] INFO  com.zaxxer.hikari.HikariDataSource - HikariPool-2 - Starting...
2025-05-02 10:05:17 [restartedMain] INFO  com.zaxxer.hikari.pool.HikariPool - HikariPool-2 - Added connection com.mysql.cj.jdbc.ConnectionImpl@64d1a2fd
2025-05-02 10:05:17 [restartedMain] INFO  com.zaxxer.hikari.HikariDataSource - HikariPool-2 - Start completed.
2025-05-02 10:05:17 [restartedMain] INFO  org.hibernate.jpa.internal.util.LogHelper - HHH000204: Processing PersistenceUnitInfo [name: default]
2025-05-02 10:05:17 [restartedMain] INFO  org.hibernate.cache.internal.RegionFactoryInitiator - HHH000026: Second-level cache disabled
2025-05-02 10:05:17 [restartedMain] INFO  org.springframework.orm.jpa.persistenceunit.SpringPersistenceUnitInfo - No LoadTimeWeaver setup: ignoring JPA class transformer
2025-05-02 10:05:17 [restartedMain] INFO  org.hibernate.orm.connections.pooling - HHH10001005: Database info:
	Database JDBC URL [Connecting through datasource 'HikariDataSource (HikariPool-2)']
	Database driver: undefined/unknown
	Database version: 8.0.41
	Autocommit mode: undefined/unknown
	Isolation level: undefined/unknown
	Minimum pool size: undefined/unknown
	Maximum pool size: undefined/unknown
2025-05-02 10:05:17 [restartedMain] INFO  org.hibernate.engine.transaction.jta.platform.internal.JtaPlatformInitiator - HHH000489: No JTA platform available (set 'hibernate.transaction.jta.platform' to enable JTA platform integration)
2025-05-02 10:05:17 [restartedMain] INFO  org.springframework.orm.jpa.LocalContainerEntityManagerFactoryBean - Initialized JPA EntityManagerFactory for persistence unit 'default'
2025-05-02 10:05:18 [restartedMain] WARN  org.springframework.boot.autoconfigure.orm.jpa.JpaBaseConfiguration$JpaWebConfiguration - spring.jpa.open-in-view is enabled by default. Therefore, database queries may be performed during view rendering. Explicitly configure spring.jpa.open-in-view to disable this warning
2025-05-02 10:05:18 [restartedMain] WARN  org.springframework.boot.autoconfigure.thymeleaf.ThymeleafAutoConfiguration$DefaultTemplateResolverConfiguration - Cannot find template location: classpath:/templates/ (please add some templates, check your Thymeleaf configuration, or set spring.thymeleaf.check-template-location=false)
2025-05-02 10:05:18 [restartedMain] INFO  org.springframework.boot.devtools.autoconfigure.OptionalLiveReloadServer - LiveReload server is running on port 35729
2025-05-02 10:05:18 [restartedMain] INFO  org.springframework.boot.actuate.endpoint.web.EndpointLinksResolver - Exposing 1 endpoint beneath base path '/actuator'
2025-05-02 10:05:18 [restartedMain] INFO  org.apache.coyote.http11.Http11NioProtocol - Starting ProtocolHandler ["http-nio-8080"]
2025-05-02 10:05:18 [restartedMain] INFO  org.springframework.boot.web.embedded.tomcat.TomcatWebServer - Tomcat started on port 8080 (http) with context path '/'
2025-05-02 10:05:18 [restartedMain] INFO  com.imperacred.BankLoanApplication.BankLoanApplication - Started BankLoanApplication in 2.422 seconds (process running for 350.176)
2025-05-02 10:05:18 [restartedMain] INFO  org.springframework.boot.devtools.autoconfigure.ConditionEvaluationDeltaLoggingListener - Condition evaluation unchanged
2025-05-02 10:06:47 [File Watcher] INFO  org.springframework.boot.devtools.autoconfigure.LocalDevToolsAutoConfiguration$RestartingClassPathChangeChangedEventListener - Restarting due to 1 class path change (0 additions, 0 deletions, 1 modification)
2025-05-02 10:06:47 [Thread-7] INFO  org.springframework.boot.web.embedded.tomcat.GracefulShutdown - Commencing graceful shutdown. Waiting for active requests to complete
2025-05-02 10:06:47 [tomcat-shutdown] INFO  org.apache.coyote.http11.Http11NioProtocol - Pausing ProtocolHandler ["http-nio-8080"]
2025-05-02 10:06:47 [tomcat-shutdown] INFO  org.springframework.boot.web.embedded.tomcat.GracefulShutdown - Graceful shutdown complete
2025-05-02 10:06:47 [Thread-7] INFO  org.apache.coyote.http11.Http11NioProtocol - Stopping ProtocolHandler ["http-nio-8080"]
2025-05-02 10:06:47 [Thread-7] INFO  org.springframework.orm.jpa.LocalContainerEntityManagerFactoryBean - Closing JPA EntityManagerFactory for persistence unit 'default'
2025-05-02 10:06:47 [Thread-7] INFO  com.zaxxer.hikari.HikariDataSource - HikariPool-2 - Shutdown initiated...
2025-05-02 10:06:47 [Thread-7] INFO  com.zaxxer.hikari.HikariDataSource - HikariPool-2 - Shutdown completed.
2025-05-02 10:06:47 [restartedMain] INFO  com.imperacred.BankLoanApplication.BankLoanApplication - Starting BankLoanApplication using Java 21.0.6 with PID 17392 (C:\Users\Administrator\git\LOS-\target\classes started by Administrator in C:\Users\Administrator\git\LOS-)
2025-05-02 10:06:47 [restartedMain] INFO  com.imperacred.BankLoanApplication.BankLoanApplication - No active profile set, falling back to 1 default profile: "default"
2025-05-02 10:06:47 [restartedMain] INFO  org.springframework.data.repository.config.RepositoryConfigurationDelegate - Bootstrapping Spring Data JPA repositories in DEFAULT mode.
2025-05-02 10:06:48 [restartedMain] INFO  org.springframework.data.repository.config.RepositoryConfigurationDelegate - Finished Spring Data repository scanning in 42 ms. Found 16 JPA repository interfaces.
2025-05-02 10:06:48 [restartedMain] INFO  org.springframework.boot.web.embedded.tomcat.TomcatWebServer - Tomcat initialized with port 8080 (http)
2025-05-02 10:06:48 [restartedMain] INFO  org.apache.coyote.http11.Http11NioProtocol - Initializing ProtocolHandler ["http-nio-8080"]
2025-05-02 10:06:48 [restartedMain] INFO  org.apache.catalina.core.StandardService - Starting service [Tomcat]
2025-05-02 10:06:48 [restartedMain] INFO  org.apache.catalina.core.StandardEngine - Starting Servlet engine: [Apache Tomcat/10.1.39]
2025-05-02 10:06:48 [restartedMain] INFO  org.apache.catalina.core.ContainerBase.[Tomcat].[localhost].[/] - Initializing Spring embedded WebApplicationContext
2025-05-02 10:06:48 [restartedMain] INFO  org.springframework.boot.web.servlet.context.ServletWebServerApplicationContext - Root WebApplicationContext: initialization completed in 647 ms
2025-05-02 10:06:48 [restartedMain] INFO  com.zaxxer.hikari.HikariDataSource - HikariPool-3 - Starting...
2025-05-02 10:06:48 [restartedMain] INFO  com.zaxxer.hikari.pool.HikariPool - HikariPool-3 - Added connection com.mysql.cj.jdbc.ConnectionImpl@272a5f78
2025-05-02 10:06:48 [restartedMain] INFO  com.zaxxer.hikari.HikariDataSource - HikariPool-3 - Start completed.
2025-05-02 10:06:48 [restartedMain] INFO  org.hibernate.jpa.internal.util.LogHelper - HHH000204: Processing PersistenceUnitInfo [name: default]
2025-05-02 10:06:48 [restartedMain] INFO  org.hibernate.cache.internal.RegionFactoryInitiator - HHH000026: Second-level cache disabled
2025-05-02 10:06:48 [restartedMain] INFO  org.springframework.orm.jpa.persistenceunit.SpringPersistenceUnitInfo - No LoadTimeWeaver setup: ignoring JPA class transformer
2025-05-02 10:06:48 [restartedMain] INFO  org.hibernate.orm.connections.pooling - HHH10001005: Database info:
	Database JDBC URL [Connecting through datasource 'HikariDataSource (HikariPool-3)']
	Database driver: undefined/unknown
	Database version: 8.0.41
	Autocommit mode: undefined/unknown
	Isolation level: undefined/unknown
	Minimum pool size: undefined/unknown
	Maximum pool size: undefined/unknown
2025-05-02 10:06:48 [restartedMain] INFO  org.hibernate.engine.transaction.jta.platform.internal.JtaPlatformInitiator - HHH000489: No JTA platform available (set 'hibernate.transaction.jta.platform' to enable JTA platform integration)
2025-05-02 10:06:48 [restartedMain] INFO  org.springframework.orm.jpa.LocalContainerEntityManagerFactoryBean - Initialized JPA EntityManagerFactory for persistence unit 'default'
2025-05-02 10:06:49 [restartedMain] WARN  org.springframework.boot.autoconfigure.orm.jpa.JpaBaseConfiguration$JpaWebConfiguration - spring.jpa.open-in-view is enabled by default. Therefore, database queries may be performed during view rendering. Explicitly configure spring.jpa.open-in-view to disable this warning
2025-05-02 10:06:49 [restartedMain] WARN  org.springframework.boot.autoconfigure.thymeleaf.ThymeleafAutoConfiguration$DefaultTemplateResolverConfiguration - Cannot find template location: classpath:/templates/ (please add some templates, check your Thymeleaf configuration, or set spring.thymeleaf.check-template-location=false)
2025-05-02 10:06:49 [restartedMain] INFO  org.springframework.boot.devtools.autoconfigure.OptionalLiveReloadServer - LiveReload server is running on port 35729
2025-05-02 10:06:49 [restartedMain] INFO  org.springframework.boot.actuate.endpoint.web.EndpointLinksResolver - Exposing 1 endpoint beneath base path '/actuator'
2025-05-02 10:06:49 [restartedMain] INFO  org.apache.coyote.http11.Http11NioProtocol - Starting ProtocolHandler ["http-nio-8080"]
2025-05-02 10:06:49 [restartedMain] INFO  org.springframework.boot.web.embedded.tomcat.TomcatWebServer - Tomcat started on port 8080 (http) with context path '/'
2025-05-02 10:06:49 [restartedMain] INFO  com.imperacred.BankLoanApplication.BankLoanApplication - Started BankLoanApplication in 2.285 seconds (process running for 441.306)
2025-05-02 10:06:49 [restartedMain] INFO  org.springframework.boot.devtools.autoconfigure.ConditionEvaluationDeltaLoggingListener - Condition evaluation unchanged
2025-05-02 10:09:33 [http-nio-8080-exec-2] INFO  org.apache.catalina.core.ContainerBase.[Tomcat].[localhost].[/] - Initializing Spring DispatcherServlet 'dispatcherServlet'
2025-05-02 10:09:33 [http-nio-8080-exec-2] INFO  org.springframework.web.servlet.DispatcherServlet - Initializing Servlet 'dispatcherServlet'
2025-05-02 10:09:33 [http-nio-8080-exec-2] INFO  org.springframework.web.servlet.DispatcherServlet - Completed initialization in 2 ms
2025-05-02 10:09:33 [http-nio-8080-exec-2] INFO  com.imperacred.BankLoanApplication.controller.LeadsStatusHistoryController - Request received to save lead status history: Lead ID 25, Agent ID 4, Status FOLLOW_UP
2025-05-02 10:09:33 [http-nio-8080-exec-2] INFO  com.imperacred.BankLoanApplication.service.impl.LeadStatusHistoryServiceImpl - Saving lead status history for Lead ID: 25, Agent ID: 4, Status: FOLLOW_UP
2025-05-02 10:09:33 [http-nio-8080-exec-2] DEBUG com.imperacred.BankLoanApplication.service.impl.LeadStatusHistoryServiceImpl - Saved entity: com.imperacred.BankLoanApplication.model.LeadsStatusHistory@29f36f1a
2025-05-02 10:09:33 [http-nio-8080-exec-2] INFO  com.imperacred.BankLoanApplication.controller.LeadsStatusHistoryController - Lead status history saved with ID: 3
2025-05-02 10:10:24 [http-nio-8080-exec-3] INFO  com.imperacred.BankLoanApplication.controller.LeadsStatusHistoryController - Fetching status history for Lead ID: 25
2025-05-02 10:10:24 [http-nio-8080-exec-3] INFO  com.imperacred.BankLoanApplication.service.impl.LeadStatusHistoryServiceImpl - Fetching status history for Lead ID: 25
2025-05-02 10:10:24 [http-nio-8080-exec-3] DEBUG com.imperacred.BankLoanApplication.service.impl.LeadStatusHistoryServiceImpl - Found 1 status history entries for Lead ID: 25
2025-05-02 10:10:24 [http-nio-8080-exec-3] INFO  com.imperacred.BankLoanApplication.controller.LeadsStatusHistoryController - Found 1 records for Lead ID: 25
2025-05-02 10:10:59 [http-nio-8080-exec-4] INFO  com.imperacred.BankLoanApplication.controller.LeadsStatusHistoryController - Fetching status history for Agent ID: 4
2025-05-02 10:10:59 [http-nio-8080-exec-4] INFO  com.imperacred.BankLoanApplication.service.impl.LeadStatusHistoryServiceImpl - Fetching status history for Agent ID: 4
2025-05-02 10:10:59 [http-nio-8080-exec-4] DEBUG com.imperacred.BankLoanApplication.service.impl.LeadStatusHistoryServiceImpl - Found 1 status history entries for Agent ID: 4
2025-05-02 10:10:59 [http-nio-8080-exec-4] INFO  com.imperacred.BankLoanApplication.controller.LeadsStatusHistoryController - Found 1 records for Agent ID: 4
2025-05-02 10:11:27 [http-nio-8080-exec-5] INFO  com.imperacred.BankLoanApplication.controller.LeadsStatusHistoryController - Request received to save lead status history: Lead ID 25, Agent ID 4, Status in progress
2025-05-02 10:11:27 [http-nio-8080-exec-5] INFO  com.imperacred.BankLoanApplication.service.impl.LeadStatusHistoryServiceImpl - Saving lead status history for Lead ID: 25, Agent ID: 4, Status: in progress
2025-05-02 10:11:27 [http-nio-8080-exec-5] DEBUG com.imperacred.BankLoanApplication.service.impl.LeadStatusHistoryServiceImpl - Saved entity: com.imperacred.BankLoanApplication.model.LeadsStatusHistory@11c9f13f
2025-05-02 10:11:27 [http-nio-8080-exec-5] INFO  com.imperacred.BankLoanApplication.controller.LeadsStatusHistoryController - Lead status history saved with ID: 4
2025-05-02 10:11:41 [http-nio-8080-exec-6] INFO  com.imperacred.BankLoanApplication.controller.LeadsStatusHistoryController - Fetching status history for Lead ID: 25
2025-05-02 10:11:41 [http-nio-8080-exec-6] INFO  com.imperacred.BankLoanApplication.service.impl.LeadStatusHistoryServiceImpl - Fetching status history for Lead ID: 25
2025-05-02 10:11:41 [http-nio-8080-exec-6] DEBUG com.imperacred.BankLoanApplication.service.impl.LeadStatusHistoryServiceImpl - Found 2 status history entries for Lead ID: 25
2025-05-02 10:11:41 [http-nio-8080-exec-6] INFO  com.imperacred.BankLoanApplication.controller.LeadsStatusHistoryController - Found 2 records for Lead ID: 25
2025-05-02 10:12:01 [http-nio-8080-exec-7] INFO  com.imperacred.BankLoanApplication.controller.LeadsStatusHistoryController - Fetching status history for Agent ID: 4
2025-05-02 10:12:01 [http-nio-8080-exec-7] INFO  com.imperacred.BankLoanApplication.service.impl.LeadStatusHistoryServiceImpl - Fetching status history for Agent ID: 4
2025-05-02 10:12:01 [http-nio-8080-exec-7] DEBUG com.imperacred.BankLoanApplication.service.impl.LeadStatusHistoryServiceImpl - Found 2 status history entries for Agent ID: 4
2025-05-02 10:12:01 [http-nio-8080-exec-7] INFO  com.imperacred.BankLoanApplication.controller.LeadsStatusHistoryController - Found 2 records for Agent ID: 4
2025-05-02 10:13:47 [File Watcher] INFO  org.springframework.boot.devtools.autoconfigure.LocalDevToolsAutoConfiguration$RestartingClassPathChangeChangedEventListener - Restarting due to 1 class path change (0 additions, 0 deletions, 1 modification)
2025-05-02 10:13:47 [Thread-11] INFO  org.springframework.boot.web.embedded.tomcat.GracefulShutdown - Commencing graceful shutdown. Waiting for active requests to complete
2025-05-02 10:13:47 [tomcat-shutdown] INFO  org.apache.coyote.http11.Http11NioProtocol - Pausing ProtocolHandler ["http-nio-8080"]
2025-05-02 10:13:47 [tomcat-shutdown] INFO  org.springframework.boot.web.embedded.tomcat.GracefulShutdown - Graceful shutdown complete
2025-05-02 10:13:47 [Thread-11] INFO  org.apache.coyote.http11.Http11NioProtocol - Stopping ProtocolHandler ["http-nio-8080"]
2025-05-02 10:13:47 [Thread-11] INFO  org.springframework.orm.jpa.LocalContainerEntityManagerFactoryBean - Closing JPA EntityManagerFactory for persistence unit 'default'
2025-05-02 10:13:47 [Thread-11] INFO  com.zaxxer.hikari.HikariDataSource - HikariPool-3 - Shutdown initiated...
2025-05-02 10:13:47 [Thread-11] INFO  com.zaxxer.hikari.HikariDataSource - HikariPool-3 - Shutdown completed.
2025-05-02 10:13:47 [restartedMain] INFO  com.imperacred.BankLoanApplication.BankLoanApplication - Starting BankLoanApplication using Java 21.0.6 with PID 17392 (C:\Users\Administrator\git\LOS-\target\classes started by Administrator in C:\Users\Administrator\git\LOS-)
2025-05-02 10:13:47 [restartedMain] INFO  com.imperacred.BankLoanApplication.BankLoanApplication - No active profile set, falling back to 1 default profile: "default"
2025-05-02 10:13:47 [restartedMain] INFO  org.springframework.data.repository.config.RepositoryConfigurationDelegate - Bootstrapping Spring Data JPA repositories in DEFAULT mode.
2025-05-02 10:13:47 [restartedMain] INFO  org.springframework.data.repository.config.RepositoryConfigurationDelegate - Finished Spring Data repository scanning in 43 ms. Found 16 JPA repository interfaces.
2025-05-02 10:13:47 [restartedMain] INFO  org.springframework.boot.web.embedded.tomcat.TomcatWebServer - Tomcat initialized with port 8080 (http)
2025-05-02 10:13:47 [restartedMain] INFO  org.apache.coyote.http11.Http11NioProtocol - Initializing ProtocolHandler ["http-nio-8080"]
2025-05-02 10:13:47 [restartedMain] INFO  org.apache.catalina.core.StandardService - Starting service [Tomcat]
2025-05-02 10:13:47 [restartedMain] INFO  org.apache.catalina.core.StandardEngine - Starting Servlet engine: [Apache Tomcat/10.1.39]
2025-05-02 10:13:48 [restartedMain] INFO  org.apache.catalina.core.ContainerBase.[Tomcat].[localhost].[/] - Initializing Spring embedded WebApplicationContext
2025-05-02 10:13:48 [restartedMain] INFO  org.springframework.boot.web.servlet.context.ServletWebServerApplicationContext - Root WebApplicationContext: initialization completed in 648 ms
2025-05-02 10:13:48 [restartedMain] INFO  com.zaxxer.hikari.HikariDataSource - HikariPool-4 - Starting...
2025-05-02 10:13:48 [restartedMain] INFO  com.zaxxer.hikari.pool.HikariPool - HikariPool-4 - Added connection com.mysql.cj.jdbc.ConnectionImpl@2d0882c9
2025-05-02 10:13:48 [restartedMain] INFO  com.zaxxer.hikari.HikariDataSource - HikariPool-4 - Start completed.
2025-05-02 10:13:48 [restartedMain] INFO  org.hibernate.jpa.internal.util.LogHelper - HHH000204: Processing PersistenceUnitInfo [name: default]
2025-05-02 10:13:48 [restartedMain] INFO  org.hibernate.cache.internal.RegionFactoryInitiator - HHH000026: Second-level cache disabled
2025-05-02 10:13:48 [restartedMain] INFO  org.springframework.orm.jpa.persistenceunit.SpringPersistenceUnitInfo - No LoadTimeWeaver setup: ignoring JPA class transformer
2025-05-02 10:13:48 [restartedMain] INFO  org.hibernate.orm.connections.pooling - HHH10001005: Database info:
	Database JDBC URL [Connecting through datasource 'HikariDataSource (HikariPool-4)']
	Database driver: undefined/unknown
	Database version: 8.0.41
	Autocommit mode: undefined/unknown
	Isolation level: undefined/unknown
	Minimum pool size: undefined/unknown
	Maximum pool size: undefined/unknown
2025-05-02 10:13:48 [restartedMain] INFO  org.hibernate.engine.transaction.jta.platform.internal.JtaPlatformInitiator - HHH000489: No JTA platform available (set 'hibernate.transaction.jta.platform' to enable JTA platform integration)
2025-05-02 10:13:48 [restartedMain] INFO  org.springframework.orm.jpa.LocalContainerEntityManagerFactoryBean - Initialized JPA EntityManagerFactory for persistence unit 'default'
2025-05-02 10:13:48 [restartedMain] WARN  org.springframework.boot.autoconfigure.orm.jpa.JpaBaseConfiguration$JpaWebConfiguration - spring.jpa.open-in-view is enabled by default. Therefore, database queries may be performed during view rendering. Explicitly configure spring.jpa.open-in-view to disable this warning
2025-05-02 10:13:49 [restartedMain] WARN  org.springframework.boot.autoconfigure.thymeleaf.ThymeleafAutoConfiguration$DefaultTemplateResolverConfiguration - Cannot find template location: classpath:/templates/ (please add some templates, check your Thymeleaf configuration, or set spring.thymeleaf.check-template-location=false)
2025-05-02 10:13:49 [restartedMain] INFO  org.springframework.boot.devtools.autoconfigure.OptionalLiveReloadServer - LiveReload server is running on port 35729
2025-05-02 10:13:49 [restartedMain] INFO  org.springframework.boot.actuate.endpoint.web.EndpointLinksResolver - Exposing 1 endpoint beneath base path '/actuator'
2025-05-02 10:13:49 [restartedMain] INFO  org.apache.coyote.http11.Http11NioProtocol - Starting ProtocolHandler ["http-nio-8080"]
2025-05-02 10:13:49 [restartedMain] INFO  org.springframework.boot.web.embedded.tomcat.TomcatWebServer - Tomcat started on port 8080 (http) with context path '/'
2025-05-02 10:13:49 [restartedMain] INFO  com.imperacred.BankLoanApplication.BankLoanApplication - Started BankLoanApplication in 2.183 seconds (process running for 860.976)
2025-05-02 10:13:49 [restartedMain] INFO  org.springframework.boot.devtools.autoconfigure.ConditionEvaluationDeltaLoggingListener - Condition evaluation unchanged
2025-05-02 10:14:26 [File Watcher] INFO  org.springframework.boot.devtools.autoconfigure.LocalDevToolsAutoConfiguration$RestartingClassPathChangeChangedEventListener - Restarting due to 1 class path change (0 additions, 0 deletions, 1 modification)
2025-05-02 10:14:26 [Thread-15] INFO  org.springframework.boot.web.embedded.tomcat.GracefulShutdown - Commencing graceful shutdown. Waiting for active requests to complete
2025-05-02 10:14:26 [tomcat-shutdown] INFO  org.apache.coyote.http11.Http11NioProtocol - Pausing ProtocolHandler ["http-nio-8080"]
2025-05-02 10:14:26 [tomcat-shutdown] INFO  org.springframework.boot.web.embedded.tomcat.GracefulShutdown - Graceful shutdown complete
2025-05-02 10:14:26 [Thread-15] INFO  org.apache.coyote.http11.Http11NioProtocol - Stopping ProtocolHandler ["http-nio-8080"]
2025-05-02 10:14:26 [Thread-15] INFO  org.springframework.orm.jpa.LocalContainerEntityManagerFactoryBean - Closing JPA EntityManagerFactory for persistence unit 'default'
2025-05-02 10:14:26 [Thread-15] INFO  com.zaxxer.hikari.HikariDataSource - HikariPool-4 - Shutdown initiated...
2025-05-02 10:14:26 [Thread-15] INFO  com.zaxxer.hikari.HikariDataSource - HikariPool-4 - Shutdown completed.
2025-05-02 10:14:26 [restartedMain] INFO  com.imperacred.BankLoanApplication.BankLoanApplication - Starting BankLoanApplication using Java 21.0.6 with PID 17392 (C:\Users\Administrator\git\LOS-\target\classes started by Administrator in C:\Users\Administrator\git\LOS-)
2025-05-02 10:14:26 [restartedMain] INFO  com.imperacred.BankLoanApplication.BankLoanApplication - No active profile set, falling back to 1 default profile: "default"
2025-05-02 10:14:26 [restartedMain] INFO  org.springframework.data.repository.config.RepositoryConfigurationDelegate - Bootstrapping Spring Data JPA repositories in DEFAULT mode.
2025-05-02 10:14:26 [restartedMain] INFO  org.springframework.data.repository.config.RepositoryConfigurationDelegate - Finished Spring Data repository scanning in 42 ms. Found 16 JPA repository interfaces.
2025-05-02 10:14:26 [restartedMain] INFO  org.springframework.boot.web.embedded.tomcat.TomcatWebServer - Tomcat initialized with port 8080 (http)
2025-05-02 10:14:26 [restartedMain] INFO  org.apache.coyote.http11.Http11NioProtocol - Initializing ProtocolHandler ["http-nio-8080"]
2025-05-02 10:14:26 [restartedMain] INFO  org.apache.catalina.core.StandardService - Starting service [Tomcat]
2025-05-02 10:14:26 [restartedMain] INFO  org.apache.catalina.core.StandardEngine - Starting Servlet engine: [Apache Tomcat/10.1.39]
2025-05-02 10:14:26 [restartedMain] INFO  org.apache.catalina.core.ContainerBase.[Tomcat].[localhost].[/] - Initializing Spring embedded WebApplicationContext
2025-05-02 10:14:26 [restartedMain] INFO  org.springframework.boot.web.servlet.context.ServletWebServerApplicationContext - Root WebApplicationContext: initialization completed in 566 ms
2025-05-02 10:14:26 [restartedMain] INFO  com.zaxxer.hikari.HikariDataSource - HikariPool-5 - Starting...
2025-05-02 10:14:26 [restartedMain] INFO  com.zaxxer.hikari.pool.HikariPool - HikariPool-5 - Added connection com.mysql.cj.jdbc.ConnectionImpl@4cb4e871
2025-05-02 10:14:26 [restartedMain] INFO  com.zaxxer.hikari.HikariDataSource - HikariPool-5 - Start completed.
2025-05-02 10:14:26 [restartedMain] INFO  org.hibernate.jpa.internal.util.LogHelper - HHH000204: Processing PersistenceUnitInfo [name: default]
2025-05-02 10:14:26 [restartedMain] INFO  org.hibernate.cache.internal.RegionFactoryInitiator - HHH000026: Second-level cache disabled
2025-05-02 10:14:26 [restartedMain] INFO  org.springframework.orm.jpa.persistenceunit.SpringPersistenceUnitInfo - No LoadTimeWeaver setup: ignoring JPA class transformer
2025-05-02 10:14:26 [restartedMain] INFO  org.hibernate.orm.connections.pooling - HHH10001005: Database info:
	Database JDBC URL [Connecting through datasource 'HikariDataSource (HikariPool-5)']
	Database driver: undefined/unknown
	Database version: 8.0.41
	Autocommit mode: undefined/unknown
	Isolation level: undefined/unknown
	Minimum pool size: undefined/unknown
	Maximum pool size: undefined/unknown
2025-05-02 10:14:27 [restartedMain] INFO  org.hibernate.engine.transaction.jta.platform.internal.JtaPlatformInitiator - HHH000489: No JTA platform available (set 'hibernate.transaction.jta.platform' to enable JTA platform integration)
2025-05-02 10:14:27 [restartedMain] INFO  org.springframework.orm.jpa.LocalContainerEntityManagerFactoryBean - Initialized JPA EntityManagerFactory for persistence unit 'default'
2025-05-02 10:14:27 [restartedMain] WARN  org.springframework.boot.autoconfigure.orm.jpa.JpaBaseConfiguration$JpaWebConfiguration - spring.jpa.open-in-view is enabled by default. Therefore, database queries may be performed during view rendering. Explicitly configure spring.jpa.open-in-view to disable this warning
2025-05-02 10:14:27 [restartedMain] WARN  org.springframework.boot.autoconfigure.thymeleaf.ThymeleafAutoConfiguration$DefaultTemplateResolverConfiguration - Cannot find template location: classpath:/templates/ (please add some templates, check your Thymeleaf configuration, or set spring.thymeleaf.check-template-location=false)
2025-05-02 10:14:27 [restartedMain] INFO  org.springframework.boot.devtools.autoconfigure.OptionalLiveReloadServer - LiveReload server is running on port 35729
2025-05-02 10:14:27 [restartedMain] INFO  org.springframework.boot.actuate.endpoint.web.EndpointLinksResolver - Exposing 1 endpoint beneath base path '/actuator'
2025-05-02 10:14:28 [restartedMain] INFO  org.apache.coyote.http11.Http11NioProtocol - Starting ProtocolHandler ["http-nio-8080"]
2025-05-02 10:14:28 [restartedMain] INFO  org.springframework.boot.web.embedded.tomcat.TomcatWebServer - Tomcat started on port 8080 (http) with context path '/'
2025-05-02 10:14:28 [restartedMain] INFO  com.imperacred.BankLoanApplication.BankLoanApplication - Started BankLoanApplication in 1.931 seconds (process running for 899.51)
2025-05-02 10:14:28 [restartedMain] INFO  org.springframework.boot.devtools.autoconfigure.ConditionEvaluationDeltaLoggingListener - Condition evaluation unchanged
2025-05-02 10:17:15 [File Watcher] INFO  org.springframework.boot.devtools.autoconfigure.LocalDevToolsAutoConfiguration$RestartingClassPathChangeChangedEventListener - Restarting due to 1 class path change (0 additions, 0 deletions, 1 modification)
2025-05-02 10:17:15 [Thread-19] INFO  org.springframework.boot.web.embedded.tomcat.GracefulShutdown - Commencing graceful shutdown. Waiting for active requests to complete
2025-05-02 10:17:15 [tomcat-shutdown] INFO  org.apache.coyote.http11.Http11NioProtocol - Pausing ProtocolHandler ["http-nio-8080"]
2025-05-02 10:17:15 [tomcat-shutdown] INFO  org.springframework.boot.web.embedded.tomcat.GracefulShutdown - Graceful shutdown complete
2025-05-02 10:17:15 [Thread-19] INFO  org.apache.coyote.http11.Http11NioProtocol - Stopping ProtocolHandler ["http-nio-8080"]
2025-05-02 10:17:15 [Thread-19] INFO  org.springframework.orm.jpa.LocalContainerEntityManagerFactoryBean - Closing JPA EntityManagerFactory for persistence unit 'default'
2025-05-02 10:17:15 [Thread-19] INFO  com.zaxxer.hikari.HikariDataSource - HikariPool-5 - Shutdown initiated...
2025-05-02 10:17:15 [Thread-19] INFO  com.zaxxer.hikari.HikariDataSource - HikariPool-5 - Shutdown completed.
2025-05-02 10:17:15 [restartedMain] INFO  com.imperacred.BankLoanApplication.BankLoanApplication - Starting BankLoanApplication using Java 21.0.6 with PID 17392 (C:\Users\Administrator\git\LOS-\target\classes started by Administrator in C:\Users\Administrator\git\LOS-)
2025-05-02 10:17:15 [restartedMain] INFO  com.imperacred.BankLoanApplication.BankLoanApplication - No active profile set, falling back to 1 default profile: "default"
2025-05-02 10:17:15 [restartedMain] INFO  org.springframework.data.repository.config.RepositoryConfigurationDelegate - Bootstrapping Spring Data JPA repositories in DEFAULT mode.
2025-05-02 10:17:15 [restartedMain] INFO  org.springframework.data.repository.config.RepositoryConfigurationDelegate - Finished Spring Data repository scanning in 38 ms. Found 16 JPA repository interfaces.
2025-05-02 10:17:15 [restartedMain] INFO  org.springframework.boot.web.embedded.tomcat.TomcatWebServer - Tomcat initialized with port 8080 (http)
2025-05-02 10:17:15 [restartedMain] INFO  org.apache.coyote.http11.Http11NioProtocol - Initializing ProtocolHandler ["http-nio-8080"]
2025-05-02 10:17:15 [restartedMain] INFO  org.apache.catalina.core.StandardService - Starting service [Tomcat]
2025-05-02 10:17:15 [restartedMain] INFO  org.apache.catalina.core.StandardEngine - Starting Servlet engine: [Apache Tomcat/10.1.39]
2025-05-02 10:17:15 [restartedMain] INFO  org.apache.catalina.core.ContainerBase.[Tomcat].[localhost].[/] - Initializing Spring embedded WebApplicationContext
2025-05-02 10:17:15 [restartedMain] INFO  org.springframework.boot.web.servlet.context.ServletWebServerApplicationContext - Root WebApplicationContext: initialization completed in 545 ms
2025-05-02 10:17:16 [restartedMain] INFO  com.zaxxer.hikari.HikariDataSource - HikariPool-6 - Starting...
2025-05-02 10:17:16 [restartedMain] INFO  com.zaxxer.hikari.pool.HikariPool - HikariPool-6 - Added connection com.mysql.cj.jdbc.ConnectionImpl@77852e2e
2025-05-02 10:17:16 [restartedMain] INFO  com.zaxxer.hikari.HikariDataSource - HikariPool-6 - Start completed.
2025-05-02 10:17:16 [restartedMain] INFO  org.hibernate.jpa.internal.util.LogHelper - HHH000204: Processing PersistenceUnitInfo [name: default]
2025-05-02 10:17:16 [restartedMain] INFO  org.hibernate.cache.internal.RegionFactoryInitiator - HHH000026: Second-level cache disabled
2025-05-02 10:17:16 [restartedMain] INFO  org.springframework.orm.jpa.persistenceunit.SpringPersistenceUnitInfo - No LoadTimeWeaver setup: ignoring JPA class transformer
2025-05-02 10:17:16 [restartedMain] INFO  org.hibernate.orm.connections.pooling - HHH10001005: Database info:
	Database JDBC URL [Connecting through datasource 'HikariDataSource (HikariPool-6)']
	Database driver: undefined/unknown
	Database version: 8.0.41
	Autocommit mode: undefined/unknown
	Isolation level: undefined/unknown
	Minimum pool size: undefined/unknown
	Maximum pool size: undefined/unknown
2025-05-02 10:17:16 [restartedMain] INFO  org.hibernate.engine.transaction.jta.platform.internal.JtaPlatformInitiator - HHH000489: No JTA platform available (set 'hibernate.transaction.jta.platform' to enable JTA platform integration)
2025-05-02 10:17:16 [restartedMain] INFO  org.springframework.orm.jpa.LocalContainerEntityManagerFactoryBean - Initialized JPA EntityManagerFactory for persistence unit 'default'
2025-05-02 10:17:16 [restartedMain] WARN  org.springframework.boot.autoconfigure.orm.jpa.JpaBaseConfiguration$JpaWebConfiguration - spring.jpa.open-in-view is enabled by default. Therefore, database queries may be performed during view rendering. Explicitly configure spring.jpa.open-in-view to disable this warning
2025-05-02 10:17:16 [restartedMain] WARN  org.springframework.boot.autoconfigure.thymeleaf.ThymeleafAutoConfiguration$DefaultTemplateResolverConfiguration - Cannot find template location: classpath:/templates/ (please add some templates, check your Thymeleaf configuration, or set spring.thymeleaf.check-template-location=false)
2025-05-02 10:17:17 [restartedMain] INFO  org.springframework.boot.devtools.autoconfigure.OptionalLiveReloadServer - LiveReload server is running on port 35729
2025-05-02 10:17:17 [restartedMain] INFO  org.springframework.boot.actuate.endpoint.web.EndpointLinksResolver - Exposing 1 endpoint beneath base path '/actuator'
2025-05-02 10:17:17 [restartedMain] INFO  org.apache.coyote.http11.Http11NioProtocol - Starting ProtocolHandler ["http-nio-8080"]
2025-05-02 10:17:17 [restartedMain] INFO  org.springframework.boot.web.embedded.tomcat.TomcatWebServer - Tomcat started on port 8080 (http) with context path '/'
2025-05-02 10:17:17 [restartedMain] INFO  com.imperacred.BankLoanApplication.BankLoanApplication - Started BankLoanApplication in 1.939 seconds (process running for 1068.67)
2025-05-02 10:17:17 [restartedMain] INFO  org.springframework.boot.devtools.autoconfigure.ConditionEvaluationDeltaLoggingListener - Condition evaluation unchanged
2025-05-02 10:19:30 [File Watcher] INFO  org.springframework.boot.devtools.autoconfigure.LocalDevToolsAutoConfiguration$RestartingClassPathChangeChangedEventListener - Restarting due to 1 class path change (0 additions, 0 deletions, 1 modification)
2025-05-02 10:19:30 [Thread-23] INFO  org.springframework.boot.web.embedded.tomcat.GracefulShutdown - Commencing graceful shutdown. Waiting for active requests to complete
2025-05-02 10:19:30 [tomcat-shutdown] INFO  org.apache.coyote.http11.Http11NioProtocol - Pausing ProtocolHandler ["http-nio-8080"]
2025-05-02 10:19:30 [tomcat-shutdown] INFO  org.springframework.boot.web.embedded.tomcat.GracefulShutdown - Graceful shutdown complete
2025-05-02 10:19:30 [Thread-23] INFO  org.apache.coyote.http11.Http11NioProtocol - Stopping ProtocolHandler ["http-nio-8080"]
2025-05-02 10:19:30 [Thread-23] INFO  org.springframework.orm.jpa.LocalContainerEntityManagerFactoryBean - Closing JPA EntityManagerFactory for persistence unit 'default'
2025-05-02 10:19:30 [Thread-23] INFO  com.zaxxer.hikari.HikariDataSource - HikariPool-6 - Shutdown initiated...
2025-05-02 10:19:30 [Thread-23] INFO  com.zaxxer.hikari.HikariDataSource - HikariPool-6 - Shutdown completed.
2025-05-02 10:19:30 [restartedMain] INFO  com.imperacred.BankLoanApplication.BankLoanApplication - Starting BankLoanApplication using Java 21.0.6 with PID 17392 (C:\Users\Administrator\git\LOS-\target\classes started by Administrator in C:\Users\Administrator\git\LOS-)
2025-05-02 10:19:30 [restartedMain] INFO  com.imperacred.BankLoanApplication.BankLoanApplication - No active profile set, falling back to 1 default profile: "default"
2025-05-02 10:19:30 [restartedMain] INFO  org.springframework.data.repository.config.RepositoryConfigurationDelegate - Bootstrapping Spring Data JPA repositories in DEFAULT mode.
2025-05-02 10:19:30 [restartedMain] INFO  org.springframework.data.repository.config.RepositoryConfigurationDelegate - Finished Spring Data repository scanning in 44 ms. Found 16 JPA repository interfaces.
2025-05-02 10:19:30 [restartedMain] INFO  org.springframework.boot.web.embedded.tomcat.TomcatWebServer - Tomcat initialized with port 8080 (http)
2025-05-02 10:19:30 [restartedMain] INFO  org.apache.coyote.http11.Http11NioProtocol - Initializing ProtocolHandler ["http-nio-8080"]
2025-05-02 10:19:30 [restartedMain] INFO  org.apache.catalina.core.StandardService - Starting service [Tomcat]
2025-05-02 10:19:30 [restartedMain] INFO  org.apache.catalina.core.StandardEngine - Starting Servlet engine: [Apache Tomcat/10.1.39]
2025-05-02 10:19:31 [restartedMain] INFO  org.apache.catalina.core.ContainerBase.[Tomcat].[localhost].[/] - Initializing Spring embedded WebApplicationContext
2025-05-02 10:19:31 [restartedMain] INFO  org.springframework.boot.web.servlet.context.ServletWebServerApplicationContext - Root WebApplicationContext: initialization completed in 710 ms
2025-05-02 10:19:31 [restartedMain] INFO  com.zaxxer.hikari.HikariDataSource - HikariPool-7 - Starting...
2025-05-02 10:19:31 [restartedMain] INFO  com.zaxxer.hikari.pool.HikariPool - HikariPool-7 - Added connection com.mysql.cj.jdbc.ConnectionImpl@380000a6
2025-05-02 10:19:31 [restartedMain] INFO  com.zaxxer.hikari.HikariDataSource - HikariPool-7 - Start completed.
2025-05-02 10:19:31 [restartedMain] INFO  org.hibernate.jpa.internal.util.LogHelper - HHH000204: Processing PersistenceUnitInfo [name: default]
2025-05-02 10:19:31 [restartedMain] INFO  org.hibernate.cache.internal.RegionFactoryInitiator - HHH000026: Second-level cache disabled
2025-05-02 10:19:31 [restartedMain] INFO  org.springframework.orm.jpa.persistenceunit.SpringPersistenceUnitInfo - No LoadTimeWeaver setup: ignoring JPA class transformer
2025-05-02 10:19:31 [restartedMain] INFO  org.hibernate.orm.connections.pooling - HHH10001005: Database info:
	Database JDBC URL [Connecting through datasource 'HikariDataSource (HikariPool-7)']
	Database driver: undefined/unknown
	Database version: 8.0.41
	Autocommit mode: undefined/unknown
	Isolation level: undefined/unknown
	Minimum pool size: undefined/unknown
	Maximum pool size: undefined/unknown
2025-05-02 10:19:31 [restartedMain] INFO  org.hibernate.engine.transaction.jta.platform.internal.JtaPlatformInitiator - HHH000489: No JTA platform available (set 'hibernate.transaction.jta.platform' to enable JTA platform integration)
2025-05-02 10:19:31 [restartedMain] INFO  org.springframework.orm.jpa.LocalContainerEntityManagerFactoryBean - Initialized JPA EntityManagerFactory for persistence unit 'default'
2025-05-02 10:19:31 [restartedMain] WARN  org.springframework.boot.autoconfigure.orm.jpa.JpaBaseConfiguration$JpaWebConfiguration - spring.jpa.open-in-view is enabled by default. Therefore, database queries may be performed during view rendering. Explicitly configure spring.jpa.open-in-view to disable this warning
2025-05-02 10:19:32 [restartedMain] WARN  org.springframework.boot.autoconfigure.thymeleaf.ThymeleafAutoConfiguration$DefaultTemplateResolverConfiguration - Cannot find template location: classpath:/templates/ (please add some templates, check your Thymeleaf configuration, or set spring.thymeleaf.check-template-location=false)
2025-05-02 10:19:32 [restartedMain] INFO  org.springframework.boot.devtools.autoconfigure.OptionalLiveReloadServer - LiveReload server is running on port 35729
2025-05-02 10:19:32 [restartedMain] INFO  org.springframework.boot.actuate.endpoint.web.EndpointLinksResolver - Exposing 1 endpoint beneath base path '/actuator'
2025-05-02 10:19:32 [restartedMain] INFO  org.apache.coyote.http11.Http11NioProtocol - Starting ProtocolHandler ["http-nio-8080"]
2025-05-02 10:19:32 [restartedMain] INFO  org.springframework.boot.web.embedded.tomcat.TomcatWebServer - Tomcat started on port 8080 (http) with context path '/'
2025-05-02 10:19:32 [restartedMain] INFO  com.imperacred.BankLoanApplication.BankLoanApplication - Started BankLoanApplication in 2.262 seconds (process running for 1203.993)
2025-05-02 10:19:32 [restartedMain] INFO  org.springframework.boot.devtools.autoconfigure.ConditionEvaluationDeltaLoggingListener - Condition evaluation unchanged
2025-05-02 10:19:42 [File Watcher] INFO  org.springframework.boot.devtools.autoconfigure.LocalDevToolsAutoConfiguration$RestartingClassPathChangeChangedEventListener - Restarting due to 99 class path changes (0 additions, 0 deletions, 99 modifications)
2025-05-02 10:19:42 [Thread-27] INFO  org.springframework.boot.web.embedded.tomcat.GracefulShutdown - Commencing graceful shutdown. Waiting for active requests to complete
2025-05-02 10:19:42 [tomcat-shutdown] INFO  org.apache.coyote.http11.Http11NioProtocol - Pausing ProtocolHandler ["http-nio-8080"]
2025-05-02 10:19:42 [tomcat-shutdown] INFO  org.springframework.boot.web.embedded.tomcat.GracefulShutdown - Graceful shutdown complete
2025-05-02 10:19:42 [Thread-27] INFO  org.apache.coyote.http11.Http11NioProtocol - Stopping ProtocolHandler ["http-nio-8080"]
2025-05-02 10:19:42 [Thread-27] INFO  org.springframework.orm.jpa.LocalContainerEntityManagerFactoryBean - Closing JPA EntityManagerFactory for persistence unit 'default'
2025-05-02 10:19:42 [Thread-27] INFO  com.zaxxer.hikari.HikariDataSource - HikariPool-7 - Shutdown initiated...
2025-05-02 10:19:42 [Thread-27] INFO  com.zaxxer.hikari.HikariDataSource - HikariPool-7 - Shutdown completed.
2025-05-02 10:19:42 [restartedMain] INFO  com.imperacred.BankLoanApplication.BankLoanApplication - Starting BankLoanApplication using Java 21.0.6 with PID 17392 (C:\Users\Administrator\git\LOS-\target\classes started by Administrator in C:\Users\Administrator\git\LOS-)
2025-05-02 10:19:42 [restartedMain] INFO  com.imperacred.BankLoanApplication.BankLoanApplication - No active profile set, falling back to 1 default profile: "default"
2025-05-02 10:19:43 [restartedMain] INFO  org.springframework.data.repository.config.RepositoryConfigurationDelegate - Bootstrapping Spring Data JPA repositories in DEFAULT mode.
2025-05-02 10:19:43 [restartedMain] INFO  org.springframework.data.repository.config.RepositoryConfigurationDelegate - Finished Spring Data repository scanning in 39 ms. Found 16 JPA repository interfaces.
2025-05-02 10:19:43 [restartedMain] INFO  org.springframework.boot.web.embedded.tomcat.TomcatWebServer - Tomcat initialized with port 8080 (http)
2025-05-02 10:19:43 [restartedMain] INFO  org.apache.coyote.http11.Http11NioProtocol - Initializing ProtocolHandler ["http-nio-8080"]
2025-05-02 10:19:43 [restartedMain] INFO  org.apache.catalina.core.StandardService - Starting service [Tomcat]
2025-05-02 10:19:43 [restartedMain] INFO  org.apache.catalina.core.StandardEngine - Starting Servlet engine: [Apache Tomcat/10.1.39]
2025-05-02 10:19:43 [restartedMain] INFO  org.apache.catalina.core.ContainerBase.[Tomcat].[localhost].[/] - Initializing Spring embedded WebApplicationContext
2025-05-02 10:19:43 [restartedMain] INFO  org.springframework.boot.web.servlet.context.ServletWebServerApplicationContext - Root WebApplicationContext: initialization completed in 785 ms
2025-05-02 10:19:43 [restartedMain] INFO  com.zaxxer.hikari.HikariDataSource - HikariPool-8 - Starting...
2025-05-02 10:19:43 [restartedMain] INFO  com.zaxxer.hikari.pool.HikariPool - HikariPool-8 - Added connection com.mysql.cj.jdbc.ConnectionImpl@45c25ed6
2025-05-02 10:19:43 [restartedMain] INFO  com.zaxxer.hikari.HikariDataSource - HikariPool-8 - Start completed.
2025-05-02 10:19:43 [restartedMain] INFO  org.hibernate.jpa.internal.util.LogHelper - HHH000204: Processing PersistenceUnitInfo [name: default]
2025-05-02 10:19:43 [restartedMain] INFO  org.hibernate.cache.internal.RegionFactoryInitiator - HHH000026: Second-level cache disabled
2025-05-02 10:19:43 [restartedMain] INFO  org.springframework.orm.jpa.persistenceunit.SpringPersistenceUnitInfo - No LoadTimeWeaver setup: ignoring JPA class transformer
2025-05-02 10:19:43 [restartedMain] INFO  org.hibernate.orm.connections.pooling - HHH10001005: Database info:
	Database JDBC URL [Connecting through datasource 'HikariDataSource (HikariPool-8)']
	Database driver: undefined/unknown
	Database version: 8.0.41
	Autocommit mode: undefined/unknown
	Isolation level: undefined/unknown
	Minimum pool size: undefined/unknown
	Maximum pool size: undefined/unknown
2025-05-02 10:19:43 [restartedMain] INFO  org.hibernate.engine.transaction.jta.platform.internal.JtaPlatformInitiator - HHH000489: No JTA platform available (set 'hibernate.transaction.jta.platform' to enable JTA platform integration)
2025-05-02 10:19:43 [restartedMain] INFO  org.springframework.orm.jpa.LocalContainerEntityManagerFactoryBean - Initialized JPA EntityManagerFactory for persistence unit 'default'
2025-05-02 10:19:44 [restartedMain] WARN  org.springframework.boot.autoconfigure.orm.jpa.JpaBaseConfiguration$JpaWebConfiguration - spring.jpa.open-in-view is enabled by default. Therefore, database queries may be performed during view rendering. Explicitly configure spring.jpa.open-in-view to disable this warning
2025-05-02 10:19:44 [restartedMain] WARN  org.springframework.boot.autoconfigure.thymeleaf.ThymeleafAutoConfiguration$DefaultTemplateResolverConfiguration - Cannot find template location: classpath:/templates/ (please add some templates, check your Thymeleaf configuration, or set spring.thymeleaf.check-template-location=false)
2025-05-02 10:19:44 [restartedMain] INFO  org.springframework.boot.devtools.autoconfigure.OptionalLiveReloadServer - LiveReload server is running on port 35729
2025-05-02 10:19:44 [restartedMain] INFO  org.springframework.boot.actuate.endpoint.web.EndpointLinksResolver - Exposing 1 endpoint beneath base path '/actuator'
2025-05-02 10:19:44 [restartedMain] INFO  org.apache.coyote.http11.Http11NioProtocol - Starting ProtocolHandler ["http-nio-8080"]
2025-05-02 10:19:44 [restartedMain] INFO  org.springframework.boot.web.embedded.tomcat.TomcatWebServer - Tomcat started on port 8080 (http) with context path '/'
2025-05-02 10:19:44 [restartedMain] INFO  com.imperacred.BankLoanApplication.BankLoanApplication - Started BankLoanApplication in 2.06 seconds (process running for 1216.037)
2025-05-02 10:19:44 [restartedMain] INFO  org.springframework.boot.devtools.autoconfigure.ConditionEvaluationDeltaLoggingListener - Condition evaluation unchanged
2025-05-02 10:22:16 [http-nio-8080-exec-2] INFO  org.apache.catalina.core.ContainerBase.[Tomcat].[localhost].[/] - Initializing Spring DispatcherServlet 'dispatcherServlet'
2025-05-02 10:22:16 [http-nio-8080-exec-2] INFO  org.springframework.web.servlet.DispatcherServlet - Initializing Servlet 'dispatcherServlet'
2025-05-02 10:22:16 [http-nio-8080-exec-2] INFO  org.springframework.web.servlet.DispatcherServlet - Completed initialization in 3 ms
2025-05-02 10:22:16 [http-nio-8080-exec-2] INFO  com.imperacred.BankLoanApplication.controller.AgentActivityLogController - Received request to log activity: Agent ID = 4, Action Type = Assign, Action Details = Assign lead 25.
2025-05-02 10:22:16 [http-nio-8080-exec-2] INFO  com.imperacred.BankLoanApplication.service.impl.AgentActivityLogServiceImpl - Logging activity for Agent ID: 4
2025-05-02 10:22:16 [http-nio-8080-exec-2] INFO  com.imperacred.BankLoanApplication.service.impl.AgentActivityLogServiceImpl - Activity log saved for Agent ID: 4 with Log ID: 2
2025-05-02 10:22:16 [http-nio-8080-exec-2] INFO  com.imperacred.BankLoanApplication.controller.AgentActivityLogController - Activity logged successfully for Agent ID = 4 with log ID = 2
2025-05-02 10:23:36 [http-nio-8080-exec-5] INFO  com.imperacred.BankLoanApplication.controller.AgentActivityLogController - Fetching activity logs for Agent ID = 4
2025-05-02 10:23:36 [http-nio-8080-exec-5] INFO  com.imperacred.BankLoanApplication.service.impl.AgentActivityLogServiceImpl - Fetching activity logs for Agent ID: 4
2025-05-02 10:23:36 [http-nio-8080-exec-5] INFO  com.imperacred.BankLoanApplication.service.impl.AgentActivityLogServiceImpl - Found 1 activity logs for Agent ID: 4
2025-05-02 10:23:36 [http-nio-8080-exec-5] INFO  com.imperacred.BankLoanApplication.controller.AgentActivityLogController - Found 1 log(s) for Agent ID = 4
2025-05-02 10:25:18 [File Watcher] INFO  org.springframework.boot.devtools.autoconfigure.LocalDevToolsAutoConfiguration$RestartingClassPathChangeChangedEventListener - Restarting due to 1 class path change (0 additions, 0 deletions, 1 modification)
2025-05-02 10:25:18 [Thread-31] INFO  org.springframework.boot.web.embedded.tomcat.GracefulShutdown - Commencing graceful shutdown. Waiting for active requests to complete
2025-05-02 10:25:18 [tomcat-shutdown] INFO  org.apache.coyote.http11.Http11NioProtocol - Pausing ProtocolHandler ["http-nio-8080"]
2025-05-02 10:25:18 [tomcat-shutdown] INFO  org.springframework.boot.web.embedded.tomcat.GracefulShutdown - Graceful shutdown complete
2025-05-02 10:25:18 [Thread-31] INFO  org.apache.coyote.http11.Http11NioProtocol - Stopping ProtocolHandler ["http-nio-8080"]
2025-05-02 10:25:18 [Thread-31] INFO  org.springframework.orm.jpa.LocalContainerEntityManagerFactoryBean - Closing JPA EntityManagerFactory for persistence unit 'default'
2025-05-02 10:25:18 [Thread-31] INFO  com.zaxxer.hikari.HikariDataSource - HikariPool-8 - Shutdown initiated...
2025-05-02 10:25:18 [Thread-31] INFO  com.zaxxer.hikari.HikariDataSource - HikariPool-8 - Shutdown completed.
2025-05-02 10:25:18 [restartedMain] INFO  com.imperacred.BankLoanApplication.BankLoanApplication - Starting BankLoanApplication using Java 21.0.6 with PID 17392 (C:\Users\Administrator\git\LOS-\target\classes started by Administrator in C:\Users\Administrator\git\LOS-)
2025-05-02 10:25:18 [restartedMain] INFO  com.imperacred.BankLoanApplication.BankLoanApplication - No active profile set, falling back to 1 default profile: "default"
2025-05-02 10:25:18 [restartedMain] INFO  org.springframework.data.repository.config.RepositoryConfigurationDelegate - Bootstrapping Spring Data JPA repositories in DEFAULT mode.
2025-05-02 10:25:18 [restartedMain] INFO  org.springframework.data.repository.config.RepositoryConfigurationDelegate - Finished Spring Data repository scanning in 41 ms. Found 16 JPA repository interfaces.
2025-05-02 10:25:18 [restartedMain] INFO  org.springframework.boot.web.embedded.tomcat.TomcatWebServer - Tomcat initialized with port 8080 (http)
2025-05-02 10:25:18 [restartedMain] INFO  org.apache.coyote.http11.Http11NioProtocol - Initializing ProtocolHandler ["http-nio-8080"]
2025-05-02 10:25:18 [restartedMain] INFO  org.apache.catalina.core.StandardService - Starting service [Tomcat]
2025-05-02 10:25:18 [restartedMain] INFO  org.apache.catalina.core.StandardEngine - Starting Servlet engine: [Apache Tomcat/10.1.39]
2025-05-02 10:25:18 [restartedMain] INFO  org.apache.catalina.core.ContainerBase.[Tomcat].[localhost].[/] - Initializing Spring embedded WebApplicationContext
2025-05-02 10:25:18 [restartedMain] INFO  org.springframework.boot.web.servlet.context.ServletWebServerApplicationContext - Root WebApplicationContext: initialization completed in 626 ms
2025-05-02 10:25:19 [restartedMain] INFO  com.zaxxer.hikari.HikariDataSource - HikariPool-9 - Starting...
2025-05-02 10:25:19 [restartedMain] INFO  com.zaxxer.hikari.pool.HikariPool - HikariPool-9 - Added connection com.mysql.cj.jdbc.ConnectionImpl@6a8b5b5c
2025-05-02 10:25:19 [restartedMain] INFO  com.zaxxer.hikari.HikariDataSource - HikariPool-9 - Start completed.
2025-05-02 10:25:19 [restartedMain] INFO  org.hibernate.jpa.internal.util.LogHelper - HHH000204: Processing PersistenceUnitInfo [name: default]
2025-05-02 10:25:19 [restartedMain] INFO  org.hibernate.cache.internal.RegionFactoryInitiator - HHH000026: Second-level cache disabled
2025-05-02 10:25:19 [restartedMain] INFO  org.springframework.orm.jpa.persistenceunit.SpringPersistenceUnitInfo - No LoadTimeWeaver setup: ignoring JPA class transformer
2025-05-02 10:25:19 [restartedMain] INFO  org.hibernate.orm.connections.pooling - HHH10001005: Database info:
	Database JDBC URL [Connecting through datasource 'HikariDataSource (HikariPool-9)']
	Database driver: undefined/unknown
	Database version: 8.0.41
	Autocommit mode: undefined/unknown
	Isolation level: undefined/unknown
	Minimum pool size: undefined/unknown
	Maximum pool size: undefined/unknown
2025-05-02 10:25:19 [restartedMain] INFO  org.hibernate.engine.transaction.jta.platform.internal.JtaPlatformInitiator - HHH000489: No JTA platform available (set 'hibernate.transaction.jta.platform' to enable JTA platform integration)
2025-05-02 10:25:19 [restartedMain] INFO  org.springframework.orm.jpa.LocalContainerEntityManagerFactoryBean - Initialized JPA EntityManagerFactory for persistence unit 'default'
2025-05-02 10:25:19 [restartedMain] WARN  org.springframework.boot.autoconfigure.orm.jpa.JpaBaseConfiguration$JpaWebConfiguration - spring.jpa.open-in-view is enabled by default. Therefore, database queries may be performed during view rendering. Explicitly configure spring.jpa.open-in-view to disable this warning
2025-05-02 10:25:19 [restartedMain] WARN  org.springframework.boot.autoconfigure.thymeleaf.ThymeleafAutoConfiguration$DefaultTemplateResolverConfiguration - Cannot find template location: classpath:/templates/ (please add some templates, check your Thymeleaf configuration, or set spring.thymeleaf.check-template-location=false)
2025-05-02 10:25:20 [restartedMain] INFO  org.springframework.boot.devtools.autoconfigure.OptionalLiveReloadServer - LiveReload server is running on port 35729
2025-05-02 10:25:20 [restartedMain] INFO  org.springframework.boot.actuate.endpoint.web.EndpointLinksResolver - Exposing 1 endpoint beneath base path '/actuator'
2025-05-02 10:25:20 [restartedMain] INFO  org.apache.coyote.http11.Http11NioProtocol - Starting ProtocolHandler ["http-nio-8080"]
2025-05-02 10:25:20 [restartedMain] INFO  org.springframework.boot.web.embedded.tomcat.TomcatWebServer - Tomcat started on port 8080 (http) with context path '/'
2025-05-02 10:25:20 [restartedMain] INFO  com.imperacred.BankLoanApplication.BankLoanApplication - Started BankLoanApplication in 2.098 seconds (process running for 1551.749)
2025-05-02 10:25:20 [restartedMain] INFO  org.springframework.boot.devtools.autoconfigure.ConditionEvaluationDeltaLoggingListener - Condition evaluation unchanged
2025-05-02 10:25:50 [File Watcher] INFO  org.springframework.boot.devtools.autoconfigure.LocalDevToolsAutoConfiguration$RestartingClassPathChangeChangedEventListener - Restarting due to 1 class path change (0 additions, 0 deletions, 1 modification)
2025-05-02 10:25:50 [Thread-35] INFO  org.springframework.boot.web.embedded.tomcat.GracefulShutdown - Commencing graceful shutdown. Waiting for active requests to complete
2025-05-02 10:25:50 [tomcat-shutdown] INFO  org.apache.coyote.http11.Http11NioProtocol - Pausing ProtocolHandler ["http-nio-8080"]
2025-05-02 10:25:50 [tomcat-shutdown] INFO  org.springframework.boot.web.embedded.tomcat.GracefulShutdown - Graceful shutdown complete
2025-05-02 10:25:50 [Thread-35] INFO  org.apache.coyote.http11.Http11NioProtocol - Stopping ProtocolHandler ["http-nio-8080"]
2025-05-02 10:25:50 [Thread-35] INFO  org.springframework.orm.jpa.LocalContainerEntityManagerFactoryBean - Closing JPA EntityManagerFactory for persistence unit 'default'
2025-05-02 10:25:50 [Thread-35] INFO  com.zaxxer.hikari.HikariDataSource - HikariPool-9 - Shutdown initiated...
2025-05-02 10:25:50 [Thread-35] INFO  com.zaxxer.hikari.HikariDataSource - HikariPool-9 - Shutdown completed.
2025-05-02 10:25:50 [restartedMain] INFO  com.imperacred.BankLoanApplication.BankLoanApplication - Starting BankLoanApplication using Java 21.0.6 with PID 17392 (C:\Users\Administrator\git\LOS-\target\classes started by Administrator in C:\Users\Administrator\git\LOS-)
2025-05-02 10:25:50 [restartedMain] INFO  com.imperacred.BankLoanApplication.BankLoanApplication - No active profile set, falling back to 1 default profile: "default"
2025-05-02 10:25:51 [restartedMain] INFO  org.springframework.data.repository.config.RepositoryConfigurationDelegate - Bootstrapping Spring Data JPA repositories in DEFAULT mode.
2025-05-02 10:25:51 [restartedMain] INFO  org.springframework.data.repository.config.RepositoryConfigurationDelegate - Finished Spring Data repository scanning in 41 ms. Found 16 JPA repository interfaces.
2025-05-02 10:25:51 [restartedMain] INFO  org.springframework.boot.web.embedded.tomcat.TomcatWebServer - Tomcat initialized with port 8080 (http)
2025-05-02 10:25:51 [restartedMain] INFO  org.apache.coyote.http11.Http11NioProtocol - Initializing ProtocolHandler ["http-nio-8080"]
2025-05-02 10:25:51 [restartedMain] INFO  org.apache.catalina.core.StandardService - Starting service [Tomcat]
2025-05-02 10:25:51 [restartedMain] INFO  org.apache.catalina.core.StandardEngine - Starting Servlet engine: [Apache Tomcat/10.1.39]
2025-05-02 10:25:51 [restartedMain] INFO  org.apache.catalina.core.ContainerBase.[Tomcat].[localhost].[/] - Initializing Spring embedded WebApplicationContext
2025-05-02 10:25:51 [restartedMain] INFO  org.springframework.boot.web.servlet.context.ServletWebServerApplicationContext - Root WebApplicationContext: initialization completed in 552 ms
2025-05-02 10:25:51 [restartedMain] INFO  com.zaxxer.hikari.HikariDataSource - HikariPool-10 - Starting...
2025-05-02 10:25:51 [restartedMain] INFO  com.zaxxer.hikari.pool.HikariPool - HikariPool-10 - Added connection com.mysql.cj.jdbc.ConnectionImpl@e983c25
2025-05-02 10:25:51 [restartedMain] INFO  com.zaxxer.hikari.HikariDataSource - HikariPool-10 - Start completed.
2025-05-02 10:25:51 [restartedMain] INFO  org.hibernate.jpa.internal.util.LogHelper - HHH000204: Processing PersistenceUnitInfo [name: default]
2025-05-02 10:25:51 [restartedMain] INFO  org.hibernate.cache.internal.RegionFactoryInitiator - HHH000026: Second-level cache disabled
2025-05-02 10:25:51 [restartedMain] INFO  org.springframework.orm.jpa.persistenceunit.SpringPersistenceUnitInfo - No LoadTimeWeaver setup: ignoring JPA class transformer
2025-05-02 10:25:51 [restartedMain] INFO  org.hibernate.orm.connections.pooling - HHH10001005: Database info:
	Database JDBC URL [Connecting through datasource 'HikariDataSource (HikariPool-10)']
	Database driver: undefined/unknown
	Database version: 8.0.41
	Autocommit mode: undefined/unknown
	Isolation level: undefined/unknown
	Minimum pool size: undefined/unknown
	Maximum pool size: undefined/unknown
2025-05-02 10:25:51 [restartedMain] INFO  org.hibernate.engine.transaction.jta.platform.internal.JtaPlatformInitiator - HHH000489: No JTA platform available (set 'hibernate.transaction.jta.platform' to enable JTA platform integration)
2025-05-02 10:25:51 [restartedMain] INFO  org.springframework.orm.jpa.LocalContainerEntityManagerFactoryBean - Initialized JPA EntityManagerFactory for persistence unit 'default'
2025-05-02 10:25:52 [restartedMain] WARN  org.springframework.boot.autoconfigure.orm.jpa.JpaBaseConfiguration$JpaWebConfiguration - spring.jpa.open-in-view is enabled by default. Therefore, database queries may be performed during view rendering. Explicitly configure spring.jpa.open-in-view to disable this warning
2025-05-02 10:25:52 [restartedMain] WARN  org.springframework.boot.autoconfigure.thymeleaf.ThymeleafAutoConfiguration$DefaultTemplateResolverConfiguration - Cannot find template location: classpath:/templates/ (please add some templates, check your Thymeleaf configuration, or set spring.thymeleaf.check-template-location=false)
2025-05-02 10:25:52 [restartedMain] INFO  org.springframework.boot.devtools.autoconfigure.OptionalLiveReloadServer - LiveReload server is running on port 35729
2025-05-02 10:25:52 [restartedMain] INFO  org.springframework.boot.actuate.endpoint.web.EndpointLinksResolver - Exposing 1 endpoint beneath base path '/actuator'
2025-05-02 10:25:52 [restartedMain] INFO  org.apache.coyote.http11.Http11NioProtocol - Starting ProtocolHandler ["http-nio-8080"]
2025-05-02 10:25:52 [restartedMain] INFO  org.springframework.boot.web.embedded.tomcat.TomcatWebServer - Tomcat started on port 8080 (http) with context path '/'
2025-05-02 10:25:52 [restartedMain] INFO  com.imperacred.BankLoanApplication.BankLoanApplication - Started BankLoanApplication in 1.845 seconds (process running for 1584.02)
2025-05-02 10:25:52 [restartedMain] INFO  org.springframework.boot.devtools.autoconfigure.ConditionEvaluationDeltaLoggingListener - Condition evaluation unchanged
2025-05-02 10:27:54 [File Watcher] INFO  org.springframework.boot.devtools.autoconfigure.LocalDevToolsAutoConfiguration$RestartingClassPathChangeChangedEventListener - Restarting due to 1 class path change (0 additions, 0 deletions, 1 modification)
2025-05-02 10:27:54 [Thread-39] INFO  org.springframework.boot.web.embedded.tomcat.GracefulShutdown - Commencing graceful shutdown. Waiting for active requests to complete
2025-05-02 10:27:54 [tomcat-shutdown] INFO  org.apache.coyote.http11.Http11NioProtocol - Pausing ProtocolHandler ["http-nio-8080"]
2025-05-02 10:27:54 [tomcat-shutdown] INFO  org.springframework.boot.web.embedded.tomcat.GracefulShutdown - Graceful shutdown complete
2025-05-02 10:27:54 [Thread-39] INFO  org.apache.coyote.http11.Http11NioProtocol - Stopping ProtocolHandler ["http-nio-8080"]
2025-05-02 10:27:54 [Thread-39] INFO  org.springframework.orm.jpa.LocalContainerEntityManagerFactoryBean - Closing JPA EntityManagerFactory for persistence unit 'default'
2025-05-02 10:27:54 [Thread-39] INFO  com.zaxxer.hikari.HikariDataSource - HikariPool-10 - Shutdown initiated...
2025-05-02 10:27:54 [Thread-39] INFO  com.zaxxer.hikari.HikariDataSource - HikariPool-10 - Shutdown completed.
2025-05-02 10:27:54 [restartedMain] INFO  com.imperacred.BankLoanApplication.BankLoanApplication - Starting BankLoanApplication using Java 21.0.6 with PID 17392 (C:\Users\Administrator\git\LOS-\target\classes started by Administrator in C:\Users\Administrator\git\LOS-)
2025-05-02 10:27:54 [restartedMain] INFO  com.imperacred.BankLoanApplication.BankLoanApplication - No active profile set, falling back to 1 default profile: "default"
2025-05-02 10:27:54 [restartedMain] INFO  org.springframework.data.repository.config.RepositoryConfigurationDelegate - Bootstrapping Spring Data JPA repositories in DEFAULT mode.
2025-05-02 10:27:54 [restartedMain] INFO  org.springframework.data.repository.config.RepositoryConfigurationDelegate - Finished Spring Data repository scanning in 40 ms. Found 16 JPA repository interfaces.
2025-05-02 10:27:55 [restartedMain] INFO  org.springframework.boot.web.embedded.tomcat.TomcatWebServer - Tomcat initialized with port 8080 (http)
2025-05-02 10:27:55 [restartedMain] INFO  org.apache.coyote.http11.Http11NioProtocol - Initializing ProtocolHandler ["http-nio-8080"]
2025-05-02 10:27:55 [restartedMain] INFO  org.apache.catalina.core.StandardService - Starting service [Tomcat]
2025-05-02 10:27:55 [restartedMain] INFO  org.apache.catalina.core.StandardEngine - Starting Servlet engine: [Apache Tomcat/10.1.39]
2025-05-02 10:27:55 [restartedMain] INFO  org.apache.catalina.core.ContainerBase.[Tomcat].[localhost].[/] - Initializing Spring embedded WebApplicationContext
2025-05-02 10:27:55 [restartedMain] INFO  org.springframework.boot.web.servlet.context.ServletWebServerApplicationContext - Root WebApplicationContext: initialization completed in 543 ms
2025-05-02 10:27:55 [restartedMain] INFO  com.zaxxer.hikari.HikariDataSource - HikariPool-11 - Starting...
2025-05-02 10:27:55 [restartedMain] INFO  com.zaxxer.hikari.pool.HikariPool - HikariPool-11 - Added connection com.mysql.cj.jdbc.ConnectionImpl@12e33aec
2025-05-02 10:27:55 [restartedMain] INFO  com.zaxxer.hikari.HikariDataSource - HikariPool-11 - Start completed.
2025-05-02 10:27:55 [restartedMain] INFO  org.hibernate.jpa.internal.util.LogHelper - HHH000204: Processing PersistenceUnitInfo [name: default]
2025-05-02 10:27:55 [restartedMain] INFO  org.hibernate.cache.internal.RegionFactoryInitiator - HHH000026: Second-level cache disabled
2025-05-02 10:27:55 [restartedMain] INFO  org.springframework.orm.jpa.persistenceunit.SpringPersistenceUnitInfo - No LoadTimeWeaver setup: ignoring JPA class transformer
2025-05-02 10:27:55 [restartedMain] INFO  org.hibernate.orm.connections.pooling - HHH10001005: Database info:
	Database JDBC URL [Connecting through datasource 'HikariDataSource (HikariPool-11)']
	Database driver: undefined/unknown
	Database version: 8.0.41
	Autocommit mode: undefined/unknown
	Isolation level: undefined/unknown
	Minimum pool size: undefined/unknown
	Maximum pool size: undefined/unknown
2025-05-02 10:27:55 [restartedMain] INFO  org.hibernate.engine.transaction.jta.platform.internal.JtaPlatformInitiator - HHH000489: No JTA platform available (set 'hibernate.transaction.jta.platform' to enable JTA platform integration)
2025-05-02 10:27:55 [restartedMain] INFO  org.springframework.orm.jpa.LocalContainerEntityManagerFactoryBean - Initialized JPA EntityManagerFactory for persistence unit 'default'
2025-05-02 10:27:55 [restartedMain] WARN  org.springframework.boot.autoconfigure.orm.jpa.JpaBaseConfiguration$JpaWebConfiguration - spring.jpa.open-in-view is enabled by default. Therefore, database queries may be performed during view rendering. Explicitly configure spring.jpa.open-in-view to disable this warning
2025-05-02 10:27:55 [restartedMain] WARN  org.springframework.boot.autoconfigure.thymeleaf.ThymeleafAutoConfiguration$DefaultTemplateResolverConfiguration - Cannot find template location: classpath:/templates/ (please add some templates, check your Thymeleaf configuration, or set spring.thymeleaf.check-template-location=false)
2025-05-02 10:27:56 [restartedMain] INFO  org.springframework.boot.devtools.autoconfigure.OptionalLiveReloadServer - LiveReload server is running on port 35729
2025-05-02 10:27:56 [restartedMain] INFO  org.springframework.boot.actuate.endpoint.web.EndpointLinksResolver - Exposing 1 endpoint beneath base path '/actuator'
2025-05-02 10:27:56 [restartedMain] INFO  org.apache.coyote.http11.Http11NioProtocol - Starting ProtocolHandler ["http-nio-8080"]
2025-05-02 10:27:56 [restartedMain] INFO  org.springframework.boot.web.embedded.tomcat.TomcatWebServer - Tomcat started on port 8080 (http) with context path '/'
2025-05-02 10:27:56 [restartedMain] INFO  com.imperacred.BankLoanApplication.BankLoanApplication - Started BankLoanApplication in 1.877 seconds (process running for 1707.835)
2025-05-02 10:27:56 [restartedMain] INFO  org.springframework.boot.devtools.autoconfigure.ConditionEvaluationDeltaLoggingListener - Condition evaluation unchanged
2025-05-02 10:28:30 [File Watcher] INFO  org.springframework.boot.devtools.autoconfigure.LocalDevToolsAutoConfiguration$RestartingClassPathChangeChangedEventListener - Restarting due to 1 class path change (0 additions, 0 deletions, 1 modification)
2025-05-02 10:28:30 [Thread-43] INFO  org.springframework.boot.web.embedded.tomcat.GracefulShutdown - Commencing graceful shutdown. Waiting for active requests to complete
2025-05-02 10:28:30 [tomcat-shutdown] INFO  org.apache.coyote.http11.Http11NioProtocol - Pausing ProtocolHandler ["http-nio-8080"]
2025-05-02 10:28:30 [tomcat-shutdown] INFO  org.springframework.boot.web.embedded.tomcat.GracefulShutdown - Graceful shutdown complete
2025-05-02 10:28:30 [Thread-43] INFO  org.apache.coyote.http11.Http11NioProtocol - Stopping ProtocolHandler ["http-nio-8080"]
2025-05-02 10:28:30 [Thread-43] INFO  org.springframework.orm.jpa.LocalContainerEntityManagerFactoryBean - Closing JPA EntityManagerFactory for persistence unit 'default'
2025-05-02 10:28:30 [Thread-43] INFO  com.zaxxer.hikari.HikariDataSource - HikariPool-11 - Shutdown initiated...
2025-05-02 10:28:30 [Thread-43] INFO  com.zaxxer.hikari.HikariDataSource - HikariPool-11 - Shutdown completed.
2025-05-02 10:28:30 [restartedMain] INFO  com.imperacred.BankLoanApplication.BankLoanApplication - Starting BankLoanApplication using Java 21.0.6 with PID 17392 (C:\Users\Administrator\git\LOS-\target\classes started by Administrator in C:\Users\Administrator\git\LOS-)
2025-05-02 10:28:31 [restartedMain] INFO  com.imperacred.BankLoanApplication.BankLoanApplication - No active profile set, falling back to 1 default profile: "default"
2025-05-02 10:28:31 [restartedMain] INFO  org.springframework.data.repository.config.RepositoryConfigurationDelegate - Bootstrapping Spring Data JPA repositories in DEFAULT mode.
2025-05-02 10:28:31 [restartedMain] INFO  org.springframework.data.repository.config.RepositoryConfigurationDelegate - Finished Spring Data repository scanning in 41 ms. Found 16 JPA repository interfaces.
2025-05-02 10:28:31 [restartedMain] INFO  org.springframework.boot.web.embedded.tomcat.TomcatWebServer - Tomcat initialized with port 8080 (http)
2025-05-02 10:28:31 [restartedMain] INFO  org.apache.coyote.http11.Http11NioProtocol - Initializing ProtocolHandler ["http-nio-8080"]
2025-05-02 10:28:31 [restartedMain] INFO  org.apache.catalina.core.StandardService - Starting service [Tomcat]
2025-05-02 10:28:31 [restartedMain] INFO  org.apache.catalina.core.StandardEngine - Starting Servlet engine: [Apache Tomcat/10.1.39]
2025-05-02 10:28:31 [restartedMain] INFO  org.apache.catalina.core.ContainerBase.[Tomcat].[localhost].[/] - Initializing Spring embedded WebApplicationContext
2025-05-02 10:28:31 [restartedMain] INFO  org.springframework.boot.web.servlet.context.ServletWebServerApplicationContext - Root WebApplicationContext: initialization completed in 536 ms
2025-05-02 10:28:31 [restartedMain] INFO  com.zaxxer.hikari.HikariDataSource - HikariPool-12 - Starting...
2025-05-02 10:28:31 [restartedMain] INFO  com.zaxxer.hikari.pool.HikariPool - HikariPool-12 - Added connection com.mysql.cj.jdbc.ConnectionImpl@22bd4338
2025-05-02 10:28:31 [restartedMain] INFO  com.zaxxer.hikari.HikariDataSource - HikariPool-12 - Start completed.
2025-05-02 10:28:31 [restartedMain] INFO  org.hibernate.jpa.internal.util.LogHelper - HHH000204: Processing PersistenceUnitInfo [name: default]
2025-05-02 10:28:31 [restartedMain] INFO  org.hibernate.cache.internal.RegionFactoryInitiator - HHH000026: Second-level cache disabled
2025-05-02 10:28:31 [restartedMain] INFO  org.springframework.orm.jpa.persistenceunit.SpringPersistenceUnitInfo - No LoadTimeWeaver setup: ignoring JPA class transformer
2025-05-02 10:28:31 [restartedMain] INFO  org.hibernate.orm.connections.pooling - HHH10001005: Database info:
	Database JDBC URL [Connecting through datasource 'HikariDataSource (HikariPool-12)']
	Database driver: undefined/unknown
	Database version: 8.0.41
	Autocommit mode: undefined/unknown
	Isolation level: undefined/unknown
	Minimum pool size: undefined/unknown
	Maximum pool size: undefined/unknown
2025-05-02 10:28:31 [restartedMain] INFO  org.hibernate.engine.transaction.jta.platform.internal.JtaPlatformInitiator - HHH000489: No JTA platform available (set 'hibernate.transaction.jta.platform' to enable JTA platform integration)
2025-05-02 10:28:31 [restartedMain] INFO  org.springframework.orm.jpa.LocalContainerEntityManagerFactoryBean - Initialized JPA EntityManagerFactory for persistence unit 'default'
2025-05-02 10:28:32 [restartedMain] WARN  org.springframework.boot.autoconfigure.orm.jpa.JpaBaseConfiguration$JpaWebConfiguration - spring.jpa.open-in-view is enabled by default. Therefore, database queries may be performed during view rendering. Explicitly configure spring.jpa.open-in-view to disable this warning
2025-05-02 10:28:32 [restartedMain] WARN  org.springframework.boot.autoconfigure.thymeleaf.ThymeleafAutoConfiguration$DefaultTemplateResolverConfiguration - Cannot find template location: classpath:/templates/ (please add some templates, check your Thymeleaf configuration, or set spring.thymeleaf.check-template-location=false)
2025-05-02 10:28:32 [restartedMain] INFO  org.springframework.boot.devtools.autoconfigure.OptionalLiveReloadServer - LiveReload server is running on port 35729
2025-05-02 10:28:32 [restartedMain] INFO  org.springframework.boot.actuate.endpoint.web.EndpointLinksResolver - Exposing 1 endpoint beneath base path '/actuator'
2025-05-02 10:28:32 [restartedMain] INFO  org.apache.coyote.http11.Http11NioProtocol - Starting ProtocolHandler ["http-nio-8080"]
2025-05-02 10:28:32 [restartedMain] INFO  org.springframework.boot.web.embedded.tomcat.TomcatWebServer - Tomcat started on port 8080 (http) with context path '/'
2025-05-02 10:28:32 [restartedMain] INFO  com.imperacred.BankLoanApplication.BankLoanApplication - Started BankLoanApplication in 1.838 seconds (process running for 1744.279)
2025-05-02 10:28:32 [restartedMain] INFO  org.springframework.boot.devtools.autoconfigure.ConditionEvaluationDeltaLoggingListener - Condition evaluation unchanged
2025-05-02 10:31:14 [http-nio-8080-exec-2] INFO  org.apache.catalina.core.ContainerBase.[Tomcat].[localhost].[/] - Initializing Spring DispatcherServlet 'dispatcherServlet'
2025-05-02 10:31:14 [http-nio-8080-exec-2] INFO  org.springframework.web.servlet.DispatcherServlet - Initializing Servlet 'dispatcherServlet'
2025-05-02 10:31:14 [http-nio-8080-exec-2] INFO  org.springframework.web.servlet.DispatcherServlet - Completed initialization in 2 ms
2025-05-02 10:31:14 [http-nio-8080-exec-2] INFO  com.imperacred.BankLoanApplication.controller.DisbursementsController - Received request to disburse loan for applicationId: 13
2025-05-02 10:31:14 [http-nio-8080-exec-2] INFO  com.imperacred.BankLoanApplication.service.impl.DisbursementsServiceImpl - Starting loan disbursement for applicationId: 13
2025-05-02 10:31:14 [http-nio-8080-exec-2] DEBUG com.imperacred.BankLoanApplication.service.impl.DisbursementsServiceImpl - Processing fee calculated: 2000.00 for disbursed amount: 100000
2025-05-02 10:31:14 [http-nio-8080-exec-2] DEBUG com.imperacred.BankLoanApplication.service.impl.DisbursementsServiceImpl - Generated unique UTR number: UTR1a5992c5-239b-4f44-bbaa-2df1fd7d9a6a
2025-05-02 10:31:14 [http-nio-8080-exec-2] DEBUG com.imperacred.BankLoanApplication.service.impl.DisbursementsServiceImpl - Creating disbursement with UTR number: UTR1a5992c5-239b-4f44-bbaa-2df1fd7d9a6a
2025-05-02 10:31:14 [http-nio-8080-exec-2] INFO  com.imperacred.BankLoanApplication.service.impl.DisbursementsServiceImpl - Loan disbursement completed successfully for applicationId: 13 with UTR: UTR1a5992c5-239b-4f44-bbaa-2df1fd7d9a6a
2025-05-02 10:31:14 [http-nio-8080-exec-2] INFO  com.imperacred.BankLoanApplication.controller.DisbursementsController - Loan successfully disbursed for applicationId: 13 with UTR: UTR1a5992c5-239b-4f44-bbaa-2df1fd7d9a6a
2025-05-02 10:33:03 [File Watcher] INFO  org.springframework.boot.devtools.autoconfigure.LocalDevToolsAutoConfiguration$RestartingClassPathChangeChangedEventListener - Restarting due to 1 class path change (0 additions, 0 deletions, 1 modification)
2025-05-02 10:33:03 [Thread-47] INFO  org.springframework.boot.web.embedded.tomcat.GracefulShutdown - Commencing graceful shutdown. Waiting for active requests to complete
2025-05-02 10:33:03 [tomcat-shutdown] INFO  org.apache.coyote.http11.Http11NioProtocol - Pausing ProtocolHandler ["http-nio-8080"]
2025-05-02 10:33:03 [tomcat-shutdown] INFO  org.springframework.boot.web.embedded.tomcat.GracefulShutdown - Graceful shutdown complete
2025-05-02 10:33:03 [Thread-47] INFO  org.apache.coyote.http11.Http11NioProtocol - Stopping ProtocolHandler ["http-nio-8080"]
2025-05-02 10:33:03 [Thread-47] INFO  org.springframework.orm.jpa.LocalContainerEntityManagerFactoryBean - Closing JPA EntityManagerFactory for persistence unit 'default'
2025-05-02 10:33:03 [Thread-47] INFO  com.zaxxer.hikari.HikariDataSource - HikariPool-12 - Shutdown initiated...
2025-05-02 10:33:03 [Thread-47] INFO  com.zaxxer.hikari.HikariDataSource - HikariPool-12 - Shutdown completed.
2025-05-02 10:33:03 [restartedMain] INFO  com.imperacred.BankLoanApplication.BankLoanApplication - Starting BankLoanApplication using Java 21.0.6 with PID 17392 (C:\Users\Administrator\git\LOS-\target\classes started by Administrator in C:\Users\Administrator\git\LOS-)
2025-05-02 10:33:03 [restartedMain] INFO  com.imperacred.BankLoanApplication.BankLoanApplication - No active profile set, falling back to 1 default profile: "default"
2025-05-02 10:33:04 [restartedMain] INFO  org.springframework.data.repository.config.RepositoryConfigurationDelegate - Bootstrapping Spring Data JPA repositories in DEFAULT mode.
2025-05-02 10:33:04 [restartedMain] INFO  org.springframework.data.repository.config.RepositoryConfigurationDelegate - Finished Spring Data repository scanning in 38 ms. Found 16 JPA repository interfaces.
2025-05-02 10:33:04 [restartedMain] INFO  org.springframework.boot.web.embedded.tomcat.TomcatWebServer - Tomcat initialized with port 8080 (http)
2025-05-02 10:33:04 [restartedMain] INFO  org.apache.coyote.http11.Http11NioProtocol - Initializing ProtocolHandler ["http-nio-8080"]
2025-05-02 10:33:04 [restartedMain] INFO  org.apache.catalina.core.StandardService - Starting service [Tomcat]
2025-05-02 10:33:04 [restartedMain] INFO  org.apache.catalina.core.StandardEngine - Starting Servlet engine: [Apache Tomcat/10.1.39]
2025-05-02 10:33:04 [restartedMain] INFO  org.apache.catalina.core.ContainerBase.[Tomcat].[localhost].[/] - Initializing Spring embedded WebApplicationContext
2025-05-02 10:33:04 [restartedMain] INFO  org.springframework.boot.web.servlet.context.ServletWebServerApplicationContext - Root WebApplicationContext: initialization completed in 615 ms
2025-05-02 10:33:04 [restartedMain] INFO  com.zaxxer.hikari.HikariDataSource - HikariPool-13 - Starting...
2025-05-02 10:33:04 [restartedMain] INFO  com.zaxxer.hikari.pool.HikariPool - HikariPool-13 - Added connection com.mysql.cj.jdbc.ConnectionImpl@a0ad244
2025-05-02 10:33:04 [restartedMain] INFO  com.zaxxer.hikari.HikariDataSource - HikariPool-13 - Start completed.
2025-05-02 10:33:04 [restartedMain] INFO  org.hibernate.jpa.internal.util.LogHelper - HHH000204: Processing PersistenceUnitInfo [name: default]
2025-05-02 10:33:04 [restartedMain] INFO  org.hibernate.cache.internal.RegionFactoryInitiator - HHH000026: Second-level cache disabled
2025-05-02 10:33:04 [restartedMain] INFO  org.springframework.orm.jpa.persistenceunit.SpringPersistenceUnitInfo - No LoadTimeWeaver setup: ignoring JPA class transformer
2025-05-02 10:33:04 [restartedMain] INFO  org.hibernate.orm.connections.pooling - HHH10001005: Database info:
	Database JDBC URL [Connecting through datasource 'HikariDataSource (HikariPool-13)']
	Database driver: undefined/unknown
	Database version: 8.0.41
	Autocommit mode: undefined/unknown
	Isolation level: undefined/unknown
	Minimum pool size: undefined/unknown
	Maximum pool size: undefined/unknown
2025-05-02 10:33:04 [restartedMain] INFO  org.hibernate.engine.transaction.jta.platform.internal.JtaPlatformInitiator - HHH000489: No JTA platform available (set 'hibernate.transaction.jta.platform' to enable JTA platform integration)
2025-05-02 10:33:04 [restartedMain] INFO  org.springframework.orm.jpa.LocalContainerEntityManagerFactoryBean - Initialized JPA EntityManagerFactory for persistence unit 'default'
2025-05-02 10:33:05 [restartedMain] WARN  org.springframework.boot.autoconfigure.orm.jpa.JpaBaseConfiguration$JpaWebConfiguration - spring.jpa.open-in-view is enabled by default. Therefore, database queries may be performed during view rendering. Explicitly configure spring.jpa.open-in-view to disable this warning
2025-05-02 10:33:05 [restartedMain] WARN  org.springframework.boot.autoconfigure.thymeleaf.ThymeleafAutoConfiguration$DefaultTemplateResolverConfiguration - Cannot find template location: classpath:/templates/ (please add some templates, check your Thymeleaf configuration, or set spring.thymeleaf.check-template-location=false)
2025-05-02 10:33:05 [restartedMain] INFO  org.springframework.boot.devtools.autoconfigure.OptionalLiveReloadServer - LiveReload server is running on port 35729
2025-05-02 10:33:05 [restartedMain] INFO  org.springframework.boot.actuate.endpoint.web.EndpointLinksResolver - Exposing 1 endpoint beneath base path '/actuator'
2025-05-02 10:33:05 [restartedMain] INFO  org.apache.coyote.http11.Http11NioProtocol - Starting ProtocolHandler ["http-nio-8080"]
2025-05-02 10:33:05 [restartedMain] INFO  org.springframework.boot.web.embedded.tomcat.TomcatWebServer - Tomcat started on port 8080 (http) with context path '/'
2025-05-02 10:33:05 [restartedMain] INFO  com.imperacred.BankLoanApplication.BankLoanApplication - Started BankLoanApplication in 2.081 seconds (process running for 2017.236)
2025-05-02 10:33:05 [restartedMain] INFO  org.springframework.boot.devtools.autoconfigure.ConditionEvaluationDeltaLoggingListener - Condition evaluation unchanged
2025-05-02 10:33:21 [File Watcher] INFO  org.springframework.boot.devtools.autoconfigure.LocalDevToolsAutoConfiguration$RestartingClassPathChangeChangedEventListener - Restarting due to 1 class path change (0 additions, 0 deletions, 1 modification)
2025-05-02 10:33:21 [Thread-51] INFO  org.springframework.boot.web.embedded.tomcat.GracefulShutdown - Commencing graceful shutdown. Waiting for active requests to complete
2025-05-02 10:33:21 [tomcat-shutdown] INFO  org.apache.coyote.http11.Http11NioProtocol - Pausing ProtocolHandler ["http-nio-8080"]
2025-05-02 10:33:21 [tomcat-shutdown] INFO  org.springframework.boot.web.embedded.tomcat.GracefulShutdown - Graceful shutdown complete
2025-05-02 10:33:21 [Thread-51] INFO  org.apache.coyote.http11.Http11NioProtocol - Stopping ProtocolHandler ["http-nio-8080"]
2025-05-02 10:33:21 [Thread-51] INFO  org.springframework.orm.jpa.LocalContainerEntityManagerFactoryBean - Closing JPA EntityManagerFactory for persistence unit 'default'
2025-05-02 10:33:21 [Thread-51] INFO  com.zaxxer.hikari.HikariDataSource - HikariPool-13 - Shutdown initiated...
2025-05-02 10:33:21 [Thread-51] INFO  com.zaxxer.hikari.HikariDataSource - HikariPool-13 - Shutdown completed.
2025-05-02 10:33:21 [restartedMain] INFO  com.imperacred.BankLoanApplication.BankLoanApplication - Starting BankLoanApplication using Java 21.0.6 with PID 17392 (C:\Users\Administrator\git\LOS-\target\classes started by Administrator in C:\Users\Administrator\git\LOS-)
2025-05-02 10:33:21 [restartedMain] INFO  com.imperacred.BankLoanApplication.BankLoanApplication - No active profile set, falling back to 1 default profile: "default"
2025-05-02 10:33:21 [restartedMain] INFO  org.springframework.data.repository.config.RepositoryConfigurationDelegate - Bootstrapping Spring Data JPA repositories in DEFAULT mode.
2025-05-02 10:33:22 [restartedMain] INFO  org.springframework.data.repository.config.RepositoryConfigurationDelegate - Finished Spring Data repository scanning in 41 ms. Found 16 JPA repository interfaces.
2025-05-02 10:33:22 [restartedMain] INFO  org.springframework.boot.web.embedded.tomcat.TomcatWebServer - Tomcat initialized with port 8080 (http)
2025-05-02 10:33:22 [restartedMain] INFO  org.apache.coyote.http11.Http11NioProtocol - Initializing ProtocolHandler ["http-nio-8080"]
2025-05-02 10:33:22 [restartedMain] INFO  org.apache.catalina.core.StandardService - Starting service [Tomcat]
2025-05-02 10:33:22 [restartedMain] INFO  org.apache.catalina.core.StandardEngine - Starting Servlet engine: [Apache Tomcat/10.1.39]
2025-05-02 10:33:22 [restartedMain] INFO  org.apache.catalina.core.ContainerBase.[Tomcat].[localhost].[/] - Initializing Spring embedded WebApplicationContext
2025-05-02 10:33:22 [restartedMain] INFO  org.springframework.boot.web.servlet.context.ServletWebServerApplicationContext - Root WebApplicationContext: initialization completed in 560 ms
2025-05-02 10:33:22 [restartedMain] INFO  com.zaxxer.hikari.HikariDataSource - HikariPool-14 - Starting...
2025-05-02 10:33:22 [restartedMain] INFO  com.zaxxer.hikari.pool.HikariPool - HikariPool-14 - Added connection com.mysql.cj.jdbc.ConnectionImpl@2d993f79
2025-05-02 10:33:22 [restartedMain] INFO  com.zaxxer.hikari.HikariDataSource - HikariPool-14 - Start completed.
2025-05-02 10:33:22 [restartedMain] INFO  org.hibernate.jpa.internal.util.LogHelper - HHH000204: Processing PersistenceUnitInfo [name: default]
2025-05-02 10:33:22 [restartedMain] INFO  org.hibernate.cache.internal.RegionFactoryInitiator - HHH000026: Second-level cache disabled
2025-05-02 10:33:22 [restartedMain] INFO  org.springframework.orm.jpa.persistenceunit.SpringPersistenceUnitInfo - No LoadTimeWeaver setup: ignoring JPA class transformer
2025-05-02 10:33:22 [restartedMain] INFO  org.hibernate.orm.connections.pooling - HHH10001005: Database info:
	Database JDBC URL [Connecting through datasource 'HikariDataSource (HikariPool-14)']
	Database driver: undefined/unknown
	Database version: 8.0.41
	Autocommit mode: undefined/unknown
	Isolation level: undefined/unknown
	Minimum pool size: undefined/unknown
	Maximum pool size: undefined/unknown
2025-05-02 10:33:22 [restartedMain] INFO  org.hibernate.engine.transaction.jta.platform.internal.JtaPlatformInitiator - HHH000489: No JTA platform available (set 'hibernate.transaction.jta.platform' to enable JTA platform integration)
2025-05-02 10:33:22 [restartedMain] INFO  org.springframework.orm.jpa.LocalContainerEntityManagerFactoryBean - Initialized JPA EntityManagerFactory for persistence unit 'default'
2025-05-02 10:33:22 [restartedMain] WARN  org.springframework.boot.autoconfigure.orm.jpa.JpaBaseConfiguration$JpaWebConfiguration - spring.jpa.open-in-view is enabled by default. Therefore, database queries may be performed during view rendering. Explicitly configure spring.jpa.open-in-view to disable this warning
2025-05-02 10:33:23 [restartedMain] WARN  org.springframework.boot.autoconfigure.thymeleaf.ThymeleafAutoConfiguration$DefaultTemplateResolverConfiguration - Cannot find template location: classpath:/templates/ (please add some templates, check your Thymeleaf configuration, or set spring.thymeleaf.check-template-location=false)
2025-05-02 10:33:23 [restartedMain] INFO  org.springframework.boot.devtools.autoconfigure.OptionalLiveReloadServer - LiveReload server is running on port 35729
2025-05-02 10:33:23 [restartedMain] INFO  org.springframework.boot.actuate.endpoint.web.EndpointLinksResolver - Exposing 1 endpoint beneath base path '/actuator'
2025-05-02 10:33:23 [restartedMain] INFO  org.apache.coyote.http11.Http11NioProtocol - Starting ProtocolHandler ["http-nio-8080"]
2025-05-02 10:33:23 [restartedMain] INFO  org.springframework.boot.web.embedded.tomcat.TomcatWebServer - Tomcat started on port 8080 (http) with context path '/'
2025-05-02 10:33:23 [restartedMain] INFO  com.imperacred.BankLoanApplication.BankLoanApplication - Started BankLoanApplication in 1.886 seconds (process running for 2034.987)
2025-05-02 10:33:23 [restartedMain] INFO  org.springframework.boot.devtools.autoconfigure.ConditionEvaluationDeltaLoggingListener - Condition evaluation unchanged
2025-05-02 10:34:30 [File Watcher] INFO  org.springframework.boot.devtools.autoconfigure.LocalDevToolsAutoConfiguration$RestartingClassPathChangeChangedEventListener - Restarting due to 1 class path change (0 additions, 0 deletions, 1 modification)
2025-05-02 10:34:30 [Thread-55] INFO  org.springframework.boot.web.embedded.tomcat.GracefulShutdown - Commencing graceful shutdown. Waiting for active requests to complete
2025-05-02 10:34:30 [tomcat-shutdown] INFO  org.apache.coyote.http11.Http11NioProtocol - Pausing ProtocolHandler ["http-nio-8080"]
2025-05-02 10:34:30 [tomcat-shutdown] INFO  org.springframework.boot.web.embedded.tomcat.GracefulShutdown - Graceful shutdown complete
2025-05-02 10:34:30 [Thread-55] INFO  org.apache.coyote.http11.Http11NioProtocol - Stopping ProtocolHandler ["http-nio-8080"]
2025-05-02 10:34:30 [Thread-55] INFO  org.springframework.orm.jpa.LocalContainerEntityManagerFactoryBean - Closing JPA EntityManagerFactory for persistence unit 'default'
2025-05-02 10:34:30 [Thread-55] INFO  com.zaxxer.hikari.HikariDataSource - HikariPool-14 - Shutdown initiated...
2025-05-02 10:34:30 [Thread-55] INFO  com.zaxxer.hikari.HikariDataSource - HikariPool-14 - Shutdown completed.
2025-05-02 10:34:30 [restartedMain] INFO  com.imperacred.BankLoanApplication.BankLoanApplication - Starting BankLoanApplication using Java 21.0.6 with PID 17392 (C:\Users\Administrator\git\LOS-\target\classes started by Administrator in C:\Users\Administrator\git\LOS-)
2025-05-02 10:34:30 [restartedMain] INFO  com.imperacred.BankLoanApplication.BankLoanApplication - No active profile set, falling back to 1 default profile: "default"
2025-05-02 10:34:30 [restartedMain] INFO  org.springframework.data.repository.config.RepositoryConfigurationDelegate - Bootstrapping Spring Data JPA repositories in DEFAULT mode.
2025-05-02 10:34:30 [restartedMain] INFO  org.springframework.data.repository.config.RepositoryConfigurationDelegate - Finished Spring Data repository scanning in 47 ms. Found 16 JPA repository interfaces.
2025-05-02 10:34:30 [restartedMain] INFO  org.springframework.boot.web.embedded.tomcat.TomcatWebServer - Tomcat initialized with port 8080 (http)
2025-05-02 10:34:30 [restartedMain] INFO  org.apache.coyote.http11.Http11NioProtocol - Initializing ProtocolHandler ["http-nio-8080"]
2025-05-02 10:34:30 [restartedMain] INFO  org.apache.catalina.core.StandardService - Starting service [Tomcat]
2025-05-02 10:34:30 [restartedMain] INFO  org.apache.catalina.core.StandardEngine - Starting Servlet engine: [Apache Tomcat/10.1.39]
2025-05-02 10:34:30 [restartedMain] INFO  org.apache.catalina.core.ContainerBase.[Tomcat].[localhost].[/] - Initializing Spring embedded WebApplicationContext
2025-05-02 10:34:30 [restartedMain] INFO  org.springframework.boot.web.servlet.context.ServletWebServerApplicationContext - Root WebApplicationContext: initialization completed in 633 ms
2025-05-02 10:34:30 [restartedMain] INFO  com.zaxxer.hikari.HikariDataSource - HikariPool-15 - Starting...
2025-05-02 10:34:30 [restartedMain] INFO  com.zaxxer.hikari.pool.HikariPool - HikariPool-15 - Added connection com.mysql.cj.jdbc.ConnectionImpl@25c6cabf
2025-05-02 10:34:30 [restartedMain] INFO  com.zaxxer.hikari.HikariDataSource - HikariPool-15 - Start completed.
2025-05-02 10:34:30 [restartedMain] INFO  org.hibernate.jpa.internal.util.LogHelper - HHH000204: Processing PersistenceUnitInfo [name: default]
2025-05-02 10:34:30 [restartedMain] INFO  org.hibernate.cache.internal.RegionFactoryInitiator - HHH000026: Second-level cache disabled
2025-05-02 10:34:30 [restartedMain] INFO  org.springframework.orm.jpa.persistenceunit.SpringPersistenceUnitInfo - No LoadTimeWeaver setup: ignoring JPA class transformer
2025-05-02 10:34:30 [restartedMain] INFO  org.hibernate.orm.connections.pooling - HHH10001005: Database info:
	Database JDBC URL [Connecting through datasource 'HikariDataSource (HikariPool-15)']
	Database driver: undefined/unknown
	Database version: 8.0.41
	Autocommit mode: undefined/unknown
	Isolation level: undefined/unknown
	Minimum pool size: undefined/unknown
	Maximum pool size: undefined/unknown
2025-05-02 10:34:31 [restartedMain] INFO  org.hibernate.engine.transaction.jta.platform.internal.JtaPlatformInitiator - HHH000489: No JTA platform available (set 'hibernate.transaction.jta.platform' to enable JTA platform integration)
2025-05-02 10:34:31 [restartedMain] INFO  org.springframework.orm.jpa.LocalContainerEntityManagerFactoryBean - Initialized JPA EntityManagerFactory for persistence unit 'default'
2025-05-02 10:34:31 [restartedMain] WARN  org.springframework.boot.autoconfigure.orm.jpa.JpaBaseConfiguration$JpaWebConfiguration - spring.jpa.open-in-view is enabled by default. Therefore, database queries may be performed during view rendering. Explicitly configure spring.jpa.open-in-view to disable this warning
2025-05-02 10:34:31 [restartedMain] WARN  org.springframework.boot.autoconfigure.thymeleaf.ThymeleafAutoConfiguration$DefaultTemplateResolverConfiguration - Cannot find template location: classpath:/templates/ (please add some templates, check your Thymeleaf configuration, or set spring.thymeleaf.check-template-location=false)
2025-05-02 10:34:31 [restartedMain] INFO  org.springframework.boot.devtools.autoconfigure.OptionalLiveReloadServer - LiveReload server is running on port 35729
2025-05-02 10:34:31 [restartedMain] INFO  org.springframework.boot.actuate.endpoint.web.EndpointLinksResolver - Exposing 1 endpoint beneath base path '/actuator'
2025-05-02 10:34:31 [restartedMain] INFO  org.apache.coyote.http11.Http11NioProtocol - Starting ProtocolHandler ["http-nio-8080"]
2025-05-02 10:34:31 [restartedMain] INFO  org.springframework.boot.web.embedded.tomcat.TomcatWebServer - Tomcat started on port 8080 (http) with context path '/'
2025-05-02 10:34:32 [restartedMain] INFO  com.imperacred.BankLoanApplication.BankLoanApplication - Started BankLoanApplication in 1.905 seconds (process running for 2103.484)
2025-05-02 10:34:32 [restartedMain] INFO  org.springframework.boot.devtools.autoconfigure.ConditionEvaluationDeltaLoggingListener - Condition evaluation unchanged
2025-05-02 10:34:49 [http-nio-8080-exec-2] INFO  org.apache.catalina.core.ContainerBase.[Tomcat].[localhost].[/] - Initializing Spring DispatcherServlet 'dispatcherServlet'
2025-05-02 10:34:49 [http-nio-8080-exec-2] INFO  org.springframework.web.servlet.DispatcherServlet - Initializing Servlet 'dispatcherServlet'
2025-05-02 10:34:49 [http-nio-8080-exec-2] INFO  org.springframework.web.servlet.DispatcherServlet - Completed initialization in 1 ms
2025-05-02 10:34:49 [http-nio-8080-exec-2] INFO  com.imperacred.BankLoanApplication.controller.LoanController - Starting the process for loan application ID: 13
2025-05-02 10:34:49 [http-nio-8080-exec-2] DEBUG com.imperacred.BankLoanApplication.controller.LoanController - Fetched loan application details for ID: 13
2025-05-02 10:34:49 [http-nio-8080-exec-2] INFO  com.imperacred.BankLoanApplication.service.impl.LoanServiceImpl - Processing loan application with ID: 13
2025-05-02 10:34:49 [http-nio-8080-exec-2] DEBUG com.imperacred.BankLoanApplication.service.impl.LoanServiceImpl - Fetching the base interest rate.
2025-05-02 10:34:49 [http-nio-8080-exec-2] DEBUG com.imperacred.BankLoanApplication.service.impl.LoanServiceImpl - Fetched disbursement amount for application ID 13: 100000.00
2025-05-02 10:34:49 [http-nio-8080-exec-2] DEBUG com.imperacred.BankLoanApplication.service.impl.LoanServiceImpl - Calculating EMI for principal: 100000.00 for tenure: 24 months with annual interest rate: 12.00
2025-05-02 10:34:49 [http-nio-8080-exec-2] DEBUG com.imperacred.BankLoanApplication.service.impl.LoanServiceImpl - Calculated EMI: 4707.35
2025-05-02 10:34:49 [http-nio-8080-exec-2] INFO  com.imperacred.BankLoanApplication.service.impl.LoanServiceImpl - Creating EMI schedule for loan application ID: 13
2025-05-02 10:34:49 [http-nio-8080-exec-2] INFO  com.imperacred.BankLoanApplication.service.impl.LoanServiceImpl - EMI schedule created with schedule ID: 12
2025-05-02 10:34:49 [http-nio-8080-exec-2] DEBUG com.imperacred.BankLoanApplication.service.impl.LoanServiceImpl - EMI for installment 1 created with amount: 4707.35
2025-05-02 10:34:49 [http-nio-8080-exec-2] DEBUG com.imperacred.BankLoanApplication.service.impl.LoanServiceImpl - EMI for installment 2 created with amount: 4707.35
2025-05-02 10:34:50 [http-nio-8080-exec-2] DEBUG com.imperacred.BankLoanApplication.service.impl.LoanServiceImpl - EMI for installment 3 created with amount: 4707.35
2025-05-02 10:34:50 [http-nio-8080-exec-2] DEBUG com.imperacred.BankLoanApplication.service.impl.LoanServiceImpl - EMI for installment 4 created with amount: 4707.35
2025-05-02 10:34:50 [http-nio-8080-exec-2] DEBUG com.imperacred.BankLoanApplication.service.impl.LoanServiceImpl - EMI for installment 5 created with amount: 4707.35
2025-05-02 10:34:50 [http-nio-8080-exec-2] DEBUG com.imperacred.BankLoanApplication.service.impl.LoanServiceImpl - EMI for installment 6 created with amount: 4707.35
2025-05-02 10:34:50 [http-nio-8080-exec-2] DEBUG com.imperacred.BankLoanApplication.service.impl.LoanServiceImpl - EMI for installment 7 created with amount: 4707.35
2025-05-02 10:34:50 [http-nio-8080-exec-2] DEBUG com.imperacred.BankLoanApplication.service.impl.LoanServiceImpl - EMI for installment 8 created with amount: 4707.35
2025-05-02 10:34:50 [http-nio-8080-exec-2] DEBUG com.imperacred.BankLoanApplication.service.impl.LoanServiceImpl - EMI for installment 9 created with amount: 4707.35
2025-05-02 10:34:50 [http-nio-8080-exec-2] DEBUG com.imperacred.BankLoanApplication.service.impl.LoanServiceImpl - EMI for installment 10 created with amount: 4707.35
2025-05-02 10:34:50 [http-nio-8080-exec-2] DEBUG com.imperacred.BankLoanApplication.service.impl.LoanServiceImpl - EMI for installment 11 created with amount: 4707.35
2025-05-02 10:34:50 [http-nio-8080-exec-2] DEBUG com.imperacred.BankLoanApplication.service.impl.LoanServiceImpl - EMI for installment 12 created with amount: 4707.35
2025-05-02 10:34:50 [http-nio-8080-exec-2] DEBUG com.imperacred.BankLoanApplication.service.impl.LoanServiceImpl - EMI for installment 13 created with amount: 4707.35
2025-05-02 10:34:50 [http-nio-8080-exec-2] DEBUG com.imperacred.BankLoanApplication.service.impl.LoanServiceImpl - EMI for installment 14 created with amount: 4707.35
2025-05-02 10:34:50 [http-nio-8080-exec-2] DEBUG com.imperacred.BankLoanApplication.service.impl.LoanServiceImpl - EMI for installment 15 created with amount: 4707.35
2025-05-02 10:34:50 [http-nio-8080-exec-2] DEBUG com.imperacred.BankLoanApplication.service.impl.LoanServiceImpl - EMI for installment 16 created with amount: 4707.35
2025-05-02 10:34:50 [http-nio-8080-exec-2] DEBUG com.imperacred.BankLoanApplication.service.impl.LoanServiceImpl - EMI for installment 17 created with amount: 4707.35
2025-05-02 10:34:50 [http-nio-8080-exec-2] DEBUG com.imperacred.BankLoanApplication.service.impl.LoanServiceImpl - EMI for installment 18 created with amount: 4707.35
2025-05-02 10:34:50 [http-nio-8080-exec-2] DEBUG com.imperacred.BankLoanApplication.service.impl.LoanServiceImpl - EMI for installment 19 created with amount: 4707.35
2025-05-02 10:34:50 [http-nio-8080-exec-2] DEBUG com.imperacred.BankLoanApplication.service.impl.LoanServiceImpl - EMI for installment 20 created with amount: 4707.35
2025-05-02 10:34:50 [http-nio-8080-exec-2] DEBUG com.imperacred.BankLoanApplication.service.impl.LoanServiceImpl - EMI for installment 21 created with amount: 4707.35
2025-05-02 10:34:50 [http-nio-8080-exec-2] DEBUG com.imperacred.BankLoanApplication.service.impl.LoanServiceImpl - EMI for installment 22 created with amount: 4707.35
2025-05-02 10:34:50 [http-nio-8080-exec-2] DEBUG com.imperacred.BankLoanApplication.service.impl.LoanServiceImpl - EMI for installment 23 created with amount: 4707.35
2025-05-02 10:34:50 [http-nio-8080-exec-2] DEBUG com.imperacred.BankLoanApplication.service.impl.LoanServiceImpl - EMI for installment 24 created with amount: 4707.35
2025-05-02 10:34:50 [http-nio-8080-exec-2] INFO  com.imperacred.BankLoanApplication.service.impl.LoanServiceImpl - Loan application with ID: 13 processed successfully.
2025-05-02 10:34:50 [http-nio-8080-exec-2] INFO  com.imperacred.BankLoanApplication.controller.LoanController - Loan processed successfully and EMI schedule created for application ID: 13
2025-05-02 10:47:12 [File Watcher] INFO  org.springframework.boot.devtools.autoconfigure.LocalDevToolsAutoConfiguration$RestartingClassPathChangeChangedEventListener - Restarting due to 1 class path change (0 additions, 0 deletions, 1 modification)
2025-05-02 10:47:12 [Thread-59] INFO  org.springframework.boot.web.embedded.tomcat.GracefulShutdown - Commencing graceful shutdown. Waiting for active requests to complete
2025-05-02 10:47:12 [tomcat-shutdown] INFO  org.apache.coyote.http11.Http11NioProtocol - Pausing ProtocolHandler ["http-nio-8080"]
2025-05-02 10:47:12 [tomcat-shutdown] INFO  org.springframework.boot.web.embedded.tomcat.GracefulShutdown - Graceful shutdown complete
2025-05-02 10:47:12 [Thread-59] INFO  org.apache.coyote.http11.Http11NioProtocol - Stopping ProtocolHandler ["http-nio-8080"]
2025-05-02 10:47:12 [Thread-59] INFO  org.springframework.orm.jpa.LocalContainerEntityManagerFactoryBean - Closing JPA EntityManagerFactory for persistence unit 'default'
2025-05-02 10:47:12 [Thread-59] INFO  com.zaxxer.hikari.HikariDataSource - HikariPool-15 - Shutdown initiated...
2025-05-02 10:47:12 [Thread-59] INFO  com.zaxxer.hikari.HikariDataSource - HikariPool-15 - Shutdown completed.
2025-05-02 10:49:53 [restartedMain] INFO  com.imperacred.BankLoanApplication.BankLoanApplication - Starting BankLoanApplication using Java 21.0.6 with PID 13068 (C:\Users\Administrator\git\LOS-\target\classes started by Administrator in C:\Users\Administrator\git\LOS-)
2025-05-02 10:49:53 [restartedMain] INFO  com.imperacred.BankLoanApplication.BankLoanApplication - No active profile set, falling back to 1 default profile: "default"
2025-05-02 10:49:53 [restartedMain] INFO  org.springframework.data.repository.config.RepositoryConfigurationDelegate - Bootstrapping Spring Data JPA repositories in DEFAULT mode.
2025-05-02 10:49:53 [restartedMain] INFO  org.springframework.data.repository.config.RepositoryConfigurationDelegate - Finished Spring Data repository scanning in 58 ms. Found 16 JPA repository interfaces.
2025-05-02 10:49:53 [restartedMain] INFO  org.springframework.boot.web.embedded.tomcat.TomcatWebServer - Tomcat initialized with port 8080 (http)
2025-05-02 10:49:53 [restartedMain] INFO  org.apache.coyote.http11.Http11NioProtocol - Initializing ProtocolHandler ["http-nio-8080"]
2025-05-02 10:49:53 [restartedMain] INFO  org.apache.catalina.core.StandardService - Starting service [Tomcat]
2025-05-02 10:49:53 [restartedMain] INFO  org.apache.catalina.core.StandardEngine - Starting Servlet engine: [Apache Tomcat/10.1.39]
2025-05-02 10:49:53 [restartedMain] INFO  org.apache.catalina.core.ContainerBase.[Tomcat].[localhost].[/] - Initializing Spring embedded WebApplicationContext
2025-05-02 10:49:53 [restartedMain] INFO  org.springframework.boot.web.servlet.context.ServletWebServerApplicationContext - Root WebApplicationContext: initialization completed in 704 ms
2025-05-02 10:49:53 [restartedMain] INFO  com.zaxxer.hikari.HikariDataSource - HikariPool-2 - Starting...
2025-05-02 10:49:53 [restartedMain] INFO  com.zaxxer.hikari.pool.HikariPool - HikariPool-2 - Added connection com.mysql.cj.jdbc.ConnectionImpl@3fcc8d9d
2025-05-02 10:49:53 [restartedMain] INFO  com.zaxxer.hikari.HikariDataSource - HikariPool-2 - Start completed.
2025-05-02 10:49:53 [restartedMain] INFO  org.hibernate.jpa.internal.util.LogHelper - HHH000204: Processing PersistenceUnitInfo [name: default]
2025-05-02 10:49:53 [restartedMain] INFO  org.hibernate.cache.internal.RegionFactoryInitiator - HHH000026: Second-level cache disabled
2025-05-02 10:49:53 [restartedMain] INFO  org.springframework.orm.jpa.persistenceunit.SpringPersistenceUnitInfo - No LoadTimeWeaver setup: ignoring JPA class transformer
2025-05-02 10:49:53 [restartedMain] INFO  org.hibernate.orm.connections.pooling - HHH10001005: Database info:
	Database JDBC URL [Connecting through datasource 'HikariDataSource (HikariPool-2)']
	Database driver: undefined/unknown
	Database version: 8.0.41
	Autocommit mode: undefined/unknown
	Isolation level: undefined/unknown
	Minimum pool size: undefined/unknown
	Maximum pool size: undefined/unknown
2025-05-02 10:49:54 [restartedMain] INFO  org.hibernate.engine.transaction.jta.platform.internal.JtaPlatformInitiator - HHH000489: No JTA platform available (set 'hibernate.transaction.jta.platform' to enable JTA platform integration)
2025-05-02 10:49:54 [restartedMain] INFO  org.springframework.orm.jpa.LocalContainerEntityManagerFactoryBean - Initialized JPA EntityManagerFactory for persistence unit 'default'
2025-05-02 10:49:54 [restartedMain] WARN  org.springframework.boot.autoconfigure.orm.jpa.JpaBaseConfiguration$JpaWebConfiguration - spring.jpa.open-in-view is enabled by default. Therefore, database queries may be performed during view rendering. Explicitly configure spring.jpa.open-in-view to disable this warning
2025-05-02 10:49:54 [restartedMain] WARN  org.springframework.boot.autoconfigure.thymeleaf.ThymeleafAutoConfiguration$DefaultTemplateResolverConfiguration - Cannot find template location: classpath:/templates/ (please add some templates, check your Thymeleaf configuration, or set spring.thymeleaf.check-template-location=false)
2025-05-02 10:49:55 [restartedMain] INFO  org.springframework.boot.devtools.autoconfigure.OptionalLiveReloadServer - LiveReload server is running on port 35729
2025-05-02 10:49:55 [restartedMain] INFO  org.springframework.boot.actuate.endpoint.web.EndpointLinksResolver - Exposing 1 endpoint beneath base path '/actuator'
2025-05-02 10:49:55 [restartedMain] INFO  org.apache.coyote.http11.Http11NioProtocol - Starting ProtocolHandler ["http-nio-8080"]
2025-05-02 10:49:55 [restartedMain] INFO  org.springframework.boot.web.embedded.tomcat.TomcatWebServer - Tomcat started on port 8080 (http) with context path '/'
2025-05-02 10:49:55 [restartedMain] INFO  com.imperacred.BankLoanApplication.BankLoanApplication - Started BankLoanApplication in 2.374 seconds (process running for 103.608)
2025-05-02 10:49:55 [restartedMain] INFO  org.springframework.boot.devtools.autoconfigure.ConditionEvaluationDeltaLoggingListener - Condition evaluation unchanged
2025-05-02 11:07:22 [http-nio-8080-exec-2] INFO  org.apache.catalina.core.ContainerBase.[Tomcat].[localhost].[/] - Initializing Spring DispatcherServlet 'dispatcherServlet'
2025-05-02 11:07:22 [http-nio-8080-exec-2] INFO  org.springframework.web.servlet.DispatcherServlet - Initializing Servlet 'dispatcherServlet'
2025-05-02 11:07:22 [http-nio-8080-exec-2] INFO  org.springframework.web.servlet.DispatcherServlet - Completed initialization in 4 ms
2025-05-02 11:07:22 [http-nio-8080-exec-2] INFO  com.imperacred.BankLoanApplication.controller.AgentRegistrationLoginController - Received agent registration request for email: riya@gmail.com
2025-05-02 11:07:22 [http-nio-8080-exec-2] INFO  com.imperacred.BankLoanApplication.service.impl.AgentRegistrationLoginServiceImpl - Starting agent registration for email: riya@gmail.com
2025-05-02 11:07:23 [http-nio-8080-exec-2] DEBUG com.imperacred.BankLoanApplication.service.impl.AgentRegistrationLoginServiceImpl - Saved agent registration: com.imperacred.BankLoanApplication.model.AgentRegistration@3a10ace2
2025-05-02 11:07:23 [http-nio-8080-exec-2] DEBUG com.imperacred.BankLoanApplication.service.impl.AgentRegistrationLoginServiceImpl - Saved agent login details for: riya@gmail.com
2025-05-02 11:07:23 [http-nio-8080-exec-2] DEBUG com.imperacred.BankLoanApplication.service.impl.AgentRegistrationLoginServiceImpl - Saved basic agent info: riya@gmail.com
2025-05-02 11:07:23 [http-nio-8080-exec-2] INFO  com.imperacred.BankLoanApplication.controller.AgentRegistrationLoginController - Agent registered successfully for email: riya@gmail.com
2025-05-02 12:35:52 [File Watcher] INFO  org.springframework.boot.devtools.autoconfigure.LocalDevToolsAutoConfiguration$RestartingClassPathChangeChangedEventListener - Restarting due to 1 class path change (0 additions, 0 deletions, 1 modification)
2025-05-02 12:35:52 [Thread-7] INFO  org.springframework.boot.web.embedded.tomcat.GracefulShutdown - Commencing graceful shutdown. Waiting for active requests to complete
2025-05-02 12:35:52 [tomcat-shutdown] INFO  org.apache.coyote.http11.Http11NioProtocol - Pausing ProtocolHandler ["http-nio-8080"]
2025-05-02 12:35:52 [tomcat-shutdown] INFO  org.springframework.boot.web.embedded.tomcat.GracefulShutdown - Graceful shutdown complete
2025-05-02 12:35:52 [Thread-7] INFO  org.apache.coyote.http11.Http11NioProtocol - Stopping ProtocolHandler ["http-nio-8080"]
2025-05-02 12:35:52 [Thread-7] INFO  org.springframework.orm.jpa.LocalContainerEntityManagerFactoryBean - Closing JPA EntityManagerFactory for persistence unit 'default'
2025-05-02 12:35:52 [Thread-7] INFO  com.zaxxer.hikari.HikariDataSource - HikariPool-2 - Shutdown initiated...
2025-05-02 12:35:52 [Thread-7] INFO  com.zaxxer.hikari.HikariDataSource - HikariPool-2 - Shutdown completed.
2025-05-02 12:36:46 [background-preinit] INFO  org.hibernate.validator.internal.util.Version - HV000001: Hibernate Validator 8.0.2.Final
2025-05-02 12:36:46 [restartedMain] INFO  com.imperacred.BankLoanApplication.BankLoanApplication - Starting BankLoanApplication using Java 21.0.6 with PID 15148 (C:\Users\Administrator\git\LOS-\target\classes started by Administrator in C:\Users\Administrator\git\LOS-)
2025-05-02 12:36:46 [restartedMain] INFO  com.imperacred.BankLoanApplication.BankLoanApplication - No active profile set, falling back to 1 default profile: "default"
2025-05-02 12:36:46 [restartedMain] INFO  org.springframework.boot.devtools.env.DevToolsPropertyDefaultsPostProcessor - Devtools property defaults active! Set 'spring.devtools.add-properties' to 'false' to disable
2025-05-02 12:36:46 [restartedMain] INFO  org.springframework.boot.devtools.env.DevToolsPropertyDefaultsPostProcessor - For additional web related logging consider setting the 'logging.level.web' property to 'DEBUG'
2025-05-02 12:36:47 [restartedMain] INFO  org.springframework.data.repository.config.RepositoryConfigurationDelegate - Bootstrapping Spring Data JPA repositories in DEFAULT mode.
2025-05-02 12:36:47 [restartedMain] INFO  org.springframework.data.repository.config.RepositoryConfigurationDelegate - Finished Spring Data repository scanning in 97 ms. Found 16 JPA repository interfaces.
2025-05-02 12:36:48 [restartedMain] INFO  org.springframework.boot.web.embedded.tomcat.TomcatWebServer - Tomcat initialized with port 8080 (http)
2025-05-02 12:36:48 [restartedMain] INFO  org.apache.coyote.http11.Http11NioProtocol - Initializing ProtocolHandler ["http-nio-8080"]
2025-05-02 12:36:48 [restartedMain] INFO  org.apache.catalina.core.StandardService - Starting service [Tomcat]
2025-05-02 12:36:48 [restartedMain] INFO  org.apache.catalina.core.StandardEngine - Starting Servlet engine: [Apache Tomcat/10.1.39]
2025-05-02 12:36:48 [restartedMain] INFO  org.apache.catalina.core.ContainerBase.[Tomcat].[localhost].[/] - Initializing Spring embedded WebApplicationContext
2025-05-02 12:36:48 [restartedMain] INFO  org.springframework.boot.web.servlet.context.ServletWebServerApplicationContext - Root WebApplicationContext: initialization completed in 2100 ms
2025-05-02 12:36:48 [restartedMain] INFO  com.zaxxer.hikari.HikariDataSource - HikariPool-1 - Starting...
2025-05-02 12:36:49 [restartedMain] INFO  com.zaxxer.hikari.pool.HikariPool - HikariPool-1 - Added connection com.mysql.cj.jdbc.ConnectionImpl@11418d8c
2025-05-02 12:36:49 [restartedMain] INFO  com.zaxxer.hikari.HikariDataSource - HikariPool-1 - Start completed.
2025-05-02 12:36:49 [restartedMain] INFO  org.hibernate.jpa.internal.util.LogHelper - HHH000204: Processing PersistenceUnitInfo [name: default]
2025-05-02 12:36:49 [restartedMain] INFO  org.hibernate.Version - HHH000412: Hibernate ORM core version 6.6.11.Final
2025-05-02 12:36:49 [restartedMain] INFO  org.hibernate.cache.internal.RegionFactoryInitiator - HHH000026: Second-level cache disabled
2025-05-02 12:36:49 [restartedMain] INFO  org.springframework.orm.jpa.persistenceunit.SpringPersistenceUnitInfo - No LoadTimeWeaver setup: ignoring JPA class transformer
2025-05-02 12:36:49 [restartedMain] INFO  org.hibernate.orm.connections.pooling - HHH10001005: Database info:
	Database JDBC URL [Connecting through datasource 'HikariDataSource (HikariPool-1)']
	Database driver: undefined/unknown
	Database version: 8.0.41
	Autocommit mode: undefined/unknown
	Isolation level: undefined/unknown
	Minimum pool size: undefined/unknown
	Maximum pool size: undefined/unknown
2025-05-02 12:36:51 [restartedMain] INFO  org.hibernate.engine.transaction.jta.platform.internal.JtaPlatformInitiator - HHH000489: No JTA platform available (set 'hibernate.transaction.jta.platform' to enable JTA platform integration)
2025-05-02 12:36:51 [restartedMain] INFO  org.springframework.orm.jpa.LocalContainerEntityManagerFactoryBean - Initialized JPA EntityManagerFactory for persistence unit 'default'
2025-05-02 12:36:51 [restartedMain] WARN  org.springframework.boot.autoconfigure.orm.jpa.JpaBaseConfiguration$JpaWebConfiguration - spring.jpa.open-in-view is enabled by default. Therefore, database queries may be performed during view rendering. Explicitly configure spring.jpa.open-in-view to disable this warning
2025-05-02 12:36:52 [restartedMain] WARN  org.springframework.boot.autoconfigure.thymeleaf.ThymeleafAutoConfiguration$DefaultTemplateResolverConfiguration - Cannot find template location: classpath:/templates/ (please add some templates, check your Thymeleaf configuration, or set spring.thymeleaf.check-template-location=false)
2025-05-02 12:36:52 [restartedMain] INFO  org.springframework.boot.devtools.autoconfigure.OptionalLiveReloadServer - LiveReload server is running on port 35729
2025-05-02 12:36:52 [restartedMain] INFO  org.springframework.boot.actuate.endpoint.web.EndpointLinksResolver - Exposing 1 endpoint beneath base path '/actuator'
2025-05-02 12:36:52 [restartedMain] INFO  org.apache.coyote.http11.Http11NioProtocol - Starting ProtocolHandler ["http-nio-8080"]
2025-05-02 12:36:52 [restartedMain] INFO  org.springframework.boot.web.embedded.tomcat.TomcatWebServer - Tomcat started on port 8080 (http) with context path '/'
2025-05-02 12:36:52 [restartedMain] INFO  com.imperacred.BankLoanApplication.BankLoanApplication - Started BankLoanApplication in 6.89 seconds (process running for 8.281)
2025-05-02 12:36:53 [RMI TCP Connection(9)-127.0.0.1] INFO  org.apache.catalina.core.ContainerBase.[Tomcat].[localhost].[/] - Initializing Spring DispatcherServlet 'dispatcherServlet'
2025-05-02 12:36:53 [RMI TCP Connection(9)-127.0.0.1] INFO  org.springframework.web.servlet.DispatcherServlet - Initializing Servlet 'dispatcherServlet'
2025-05-02 12:36:53 [RMI TCP Connection(9)-127.0.0.1] INFO  org.springframework.web.servlet.DispatcherServlet - Completed initialization in 2 ms
2025-05-02 12:37:13 [http-nio-8080-exec-2] INFO  com.imperacred.BankLoanApplication.controller.AgentActivityLogController - Fetching activity logs for Agent ID = 4
2025-05-02 12:37:13 [http-nio-8080-exec-2] INFO  com.imperacred.BankLoanApplication.service.impl.AgentActivityLogServiceImpl - Fetching activity logs for Agent ID: 4
2025-05-02 12:37:13 [http-nio-8080-exec-2] INFO  com.imperacred.BankLoanApplication.service.impl.AgentActivityLogServiceImpl - Found 1 activity logs for Agent ID: 4
2025-05-02 12:37:13 [http-nio-8080-exec-2] INFO  com.imperacred.BankLoanApplication.controller.AgentActivityLogController - Found 1 log(s) for Agent ID = 4
