2025-05-15 11:34:27,139 [Worker-3: Loading available Gradle versions] INFO  o.e.b.c.i.u.g.PublishedGradleVersions - Gradle version information cache is not available. Remote download required.
2025-05-15 11:36:35,106 [Worker-18: Updating Maven Dependencies] INFO  o.e.m.c.i.l.LifecycleMappingFactory - Using org.maven.ide.eclipse.wtp.WarLifecycleMapping lifecycle mapping for MavenProject: com.imperacred:BankLoanApplication:0.0.1-SNAPSHOT @ D:\Desktop\LOS-\pom.xml.
2025-05-15 11:36:42,915 [Worker-20: Building] INFO  o.a.m.s.f.DefaultMavenResourcesFiltering - Copying 1 resource from src\main\resources to target\classes
2025-05-15 11:36:42,944 [Worker-20: Building] INFO  o.a.m.s.f.DefaultMavenResourcesFiltering - Copying 1 resource from src\main\resources to target\classes
2025-05-15 11:36:42,952 [Worker-20: Building] INFO  o.a.m.s.f.DefaultMavenResourcesFiltering - skip non existing resourceDirectory D:\Desktop\LOS-\src\test\resources
2025-05-15 11:40:18,546 [Worker-13: Building] INFO  o.a.m.s.f.DefaultMavenResourcesFiltering - Copying 1 resource from src\main\resources to target\classes
2025-05-15 11:40:18,554 [Worker-13: Building] INFO  o.a.m.s.f.DefaultMavenResourcesFiltering - Copying 1 resource from src\main\resources to target\classes
2025-05-15 11:40:18,650 [Worker-13: Building] INFO  o.a.m.s.f.DefaultMavenResourcesFiltering - skip non existing resourceDirectory D:\Desktop\LOS-\src\test\resources
2025-05-15 12:00:41,888 [Worker-23: Building] INFO  o.a.m.s.f.DefaultMavenResourcesFiltering - Copying 1 resource from src\main\resources to target\classes
2025-05-15 12:00:41,950 [Worker-23: Building] INFO  o.a.m.s.f.DefaultMavenResourcesFiltering - Copying 1 resource from src\main\resources to target\classes
2025-05-15 12:00:41,954 [Worker-23: Building] INFO  o.a.m.s.f.DefaultMavenResourcesFiltering - skip non existing resourceDirectory D:\Desktop\LOS-\src\test\resources
2025-05-15 12:01:24,521 [Worker-13: Building] INFO  o.a.m.s.f.DefaultMavenResourcesFiltering - Copying 1 resource from src\main\resources to target\classes
2025-05-15 12:01:24,527 [Worker-13: Building] INFO  o.a.m.s.f.DefaultMavenResourcesFiltering - Copying 1 resource from src\main\resources to target\classes
2025-05-15 12:01:24,531 [Worker-13: Building] INFO  o.a.m.s.f.DefaultMavenResourcesFiltering - skip non existing resourceDirectory D:\Desktop\LOS-\src\test\resources
2025-05-15 12:01:45,479 [Worker-21: Building] INFO  o.a.m.s.f.DefaultMavenResourcesFiltering - Copying 1 resource from src\main\resources to target\classes
2025-05-15 12:01:45,488 [Worker-21: Building] INFO  o.a.m.s.f.DefaultMavenResourcesFiltering - Copying 1 resource from src\main\resources to target\classes
2025-05-15 12:01:45,491 [Worker-21: Building] INFO  o.a.m.s.f.DefaultMavenResourcesFiltering - skip non existing resourceDirectory D:\Desktop\LOS-\src\test\resources
2025-05-15 12:02:10,341 [Worker-17: Building] INFO  o.a.m.s.f.DefaultMavenResourcesFiltering - Copying 1 resource from src\main\resources to target\classes
2025-05-15 12:02:10,349 [Worker-17: Building] INFO  o.a.m.s.f.DefaultMavenResourcesFiltering - Copying 1 resource from src\main\resources to target\classes
2025-05-15 12:02:10,353 [Worker-17: Building] INFO  o.a.m.s.f.DefaultMavenResourcesFiltering - skip non existing resourceDirectory D:\Desktop\LOS-\src\test\resources
2025-05-15 12:03:04,435 [Worker-22: Building] INFO  o.a.m.s.f.DefaultMavenResourcesFiltering - Copying 1 resource from src\main\resources to target\classes
2025-05-15 12:03:04,450 [Worker-22: Building] INFO  o.a.m.s.f.DefaultMavenResourcesFiltering - Copying 1 resource from src\main\resources to target\classes
2025-05-15 12:03:04,455 [Worker-22: Building] INFO  o.a.m.s.f.DefaultMavenResourcesFiltering - skip non existing resourceDirectory D:\Desktop\LOS-\src\test\resources
2025-05-15 12:03:17,663 [Worker-23: Building] INFO  o.a.m.s.f.DefaultMavenResourcesFiltering - Copying 1 resource from src\main\resources to target\classes
2025-05-15 12:03:17,670 [Worker-23: Building] INFO  o.a.m.s.f.DefaultMavenResourcesFiltering - Copying 1 resource from src\main\resources to target\classes
2025-05-15 12:03:17,683 [Worker-23: Building] INFO  o.a.m.s.f.DefaultMavenResourcesFiltering - skip non existing resourceDirectory D:\Desktop\LOS-\src\test\resources
2025-05-15 12:04:01,254 [Worker-25: Building] INFO  o.a.m.s.f.DefaultMavenResourcesFiltering - Copying 1 resource from src\main\resources to target\classes
2025-05-15 12:04:01,260 [Worker-25: Building] INFO  o.a.m.s.f.DefaultMavenResourcesFiltering - Copying 1 resource from src\main\resources to target\classes
2025-05-15 12:04:01,264 [Worker-25: Building] INFO  o.a.m.s.f.DefaultMavenResourcesFiltering - skip non existing resourceDirectory D:\Desktop\LOS-\src\test\resources
2025-05-15 12:04:10,936 [Worker-22: Building] INFO  o.a.m.s.f.DefaultMavenResourcesFiltering - Copying 1 resource from src\main\resources to target\classes
2025-05-15 12:04:10,943 [Worker-22: Building] INFO  o.a.m.s.f.DefaultMavenResourcesFiltering - Copying 1 resource from src\main\resources to target\classes
2025-05-15 12:04:10,946 [Worker-22: Building] INFO  o.a.m.s.f.DefaultMavenResourcesFiltering - skip non existing resourceDirectory D:\Desktop\LOS-\src\test\resources
2025-05-15 12:04:49,400 [Worker-17: Building] INFO  o.a.m.s.f.DefaultMavenResourcesFiltering - Copying 1 resource from src\main\resources to target\classes
2025-05-15 12:04:49,461 [Worker-17: Building] INFO  o.a.m.s.f.DefaultMavenResourcesFiltering - Copying 1 resource from src\main\resources to target\classes
2025-05-15 12:04:49,464 [Worker-17: Building] INFO  o.a.m.s.f.DefaultMavenResourcesFiltering - skip non existing resourceDirectory D:\Desktop\LOS-\src\test\resources
2025-05-15 12:04:54,726 [Worker-15: Building] INFO  o.a.m.s.f.DefaultMavenResourcesFiltering - Copying 1 resource from src\main\resources to target\classes
2025-05-15 12:04:54,758 [Worker-15: Building] INFO  o.a.m.s.f.DefaultMavenResourcesFiltering - Copying 1 resource from src\main\resources to target\classes
2025-05-15 12:04:54,762 [Worker-15: Building] INFO  o.a.m.s.f.DefaultMavenResourcesFiltering - skip non existing resourceDirectory D:\Desktop\LOS-\src\test\resources
2025-05-15 12:05:51,475 [Worker-19: Building] INFO  o.a.m.s.f.DefaultMavenResourcesFiltering - Copying 1 resource from src\main\resources to target\classes
2025-05-15 12:05:51,485 [Worker-19: Building] INFO  o.a.m.s.f.DefaultMavenResourcesFiltering - Copying 1 resource from src\main\resources to target\classes
2025-05-15 12:05:51,490 [Worker-19: Building] INFO  o.a.m.s.f.DefaultMavenResourcesFiltering - skip non existing resourceDirectory D:\Desktop\LOS-\src\test\resources
2025-05-15 12:06:00,294 [Worker-0: Building] INFO  o.a.m.s.f.DefaultMavenResourcesFiltering - Copying 1 resource from src\main\resources to target\classes
2025-05-15 12:06:00,300 [Worker-0: Building] INFO  o.a.m.s.f.DefaultMavenResourcesFiltering - Copying 1 resource from src\main\resources to target\classes
2025-05-15 12:06:00,304 [Worker-0: Building] INFO  o.a.m.s.f.DefaultMavenResourcesFiltering - skip non existing resourceDirectory D:\Desktop\LOS-\src\test\resources
2025-05-15 12:15:38,382 [Worker-26: Building] INFO  o.a.m.s.f.DefaultMavenResourcesFiltering - Copying 1 resource from src\main\resources to target\classes
2025-05-15 12:15:38,471 [Worker-26: Building] INFO  o.a.m.s.f.DefaultMavenResourcesFiltering - Copying 1 resource from src\main\resources to target\classes
2025-05-15 12:15:38,476 [Worker-26: Building] INFO  o.a.m.s.f.DefaultMavenResourcesFiltering - skip non existing resourceDirectory D:\Desktop\LOS-\src\test\resources
2025-05-15 12:15:41,478 [Worker-29: Building] INFO  o.a.m.s.f.DefaultMavenResourcesFiltering - Copying 1 resource from src\main\resources to target\classes
2025-05-15 12:15:41,481 [Worker-29: Building] INFO  o.a.m.s.f.DefaultMavenResourcesFiltering - Copying 1 resource from src\main\resources to target\classes
2025-05-15 12:15:41,487 [Worker-29: Building] INFO  o.a.m.s.f.DefaultMavenResourcesFiltering - skip non existing resourceDirectory D:\Desktop\LOS-\src\test\resources
2025-05-15 12:15:42,697 [Worker-27: Building] INFO  o.a.m.s.f.DefaultMavenResourcesFiltering - Copying 1 resource from src\main\resources to target\classes
2025-05-15 12:15:42,700 [Worker-27: Building] INFO  o.a.m.s.f.DefaultMavenResourcesFiltering - Copying 1 resource from src\main\resources to target\classes
2025-05-15 12:15:42,704 [Worker-27: Building] INFO  o.a.m.s.f.DefaultMavenResourcesFiltering - skip non existing resourceDirectory D:\Desktop\LOS-\src\test\resources
2025-05-15 12:16:11,644 [Worker-28: Building] INFO  o.a.m.s.f.DefaultMavenResourcesFiltering - Copying 1 resource from src\main\resources to target\classes
2025-05-15 12:16:11,657 [Worker-28: Building] INFO  o.a.m.s.f.DefaultMavenResourcesFiltering - Copying 1 resource from src\main\resources to target\classes
2025-05-15 12:16:11,661 [Worker-28: Building] INFO  o.a.m.s.f.DefaultMavenResourcesFiltering - skip non existing resourceDirectory D:\Desktop\LOS-\src\test\resources
2025-05-15 12:17:14,929 [Worker-32: Building] INFO  o.a.m.s.f.DefaultMavenResourcesFiltering - Copying 1 resource from src\main\resources to target\classes
2025-05-15 12:17:14,940 [Worker-32: Building] INFO  o.a.m.s.f.DefaultMavenResourcesFiltering - Copying 1 resource from src\main\resources to target\classes
2025-05-15 12:17:14,944 [Worker-32: Building] INFO  o.a.m.s.f.DefaultMavenResourcesFiltering - skip non existing resourceDirectory D:\Desktop\LOS-\src\test\resources
2025-05-15 12:18:22,960 [Worker-33: Building] INFO  o.a.m.s.f.DefaultMavenResourcesFiltering - Copying 1 resource from src\main\resources to target\classes
2025-05-15 12:18:22,966 [Worker-33: Building] INFO  o.a.m.s.f.DefaultMavenResourcesFiltering - Copying 1 resource from src\main\resources to target\classes
2025-05-15 12:18:22,969 [Worker-33: Building] INFO  o.a.m.s.f.DefaultMavenResourcesFiltering - skip non existing resourceDirectory D:\Desktop\LOS-\src\test\resources
2025-05-15 12:21:06,565 [Worker-35: Building] INFO  o.a.m.s.f.DefaultMavenResourcesFiltering - Copying 1 resource from src\main\resources to target\classes
2025-05-15 12:21:06,575 [Worker-35: Building] INFO  o.a.m.s.f.DefaultMavenResourcesFiltering - Copying 1 resource from src\main\resources to target\classes
2025-05-15 12:21:06,579 [Worker-35: Building] INFO  o.a.m.s.f.DefaultMavenResourcesFiltering - skip non existing resourceDirectory D:\Desktop\LOS-\src\test\resources
2025-05-15 12:21:11,388 [Worker-32: Building] INFO  o.a.m.s.f.DefaultMavenResourcesFiltering - Copying 1 resource from src\main\resources to target\classes
2025-05-15 12:21:11,394 [Worker-32: Building] INFO  o.a.m.s.f.DefaultMavenResourcesFiltering - Copying 1 resource from src\main\resources to target\classes
2025-05-15 12:21:11,416 [Worker-32: Building] INFO  o.a.m.s.f.DefaultMavenResourcesFiltering - skip non existing resourceDirectory D:\Desktop\LOS-\src\test\resources
2025-05-15 12:21:38,195 [Worker-34: Building] INFO  o.a.m.s.f.DefaultMavenResourcesFiltering - Copying 1 resource from src\main\resources to target\classes
2025-05-15 12:21:38,201 [Worker-34: Building] INFO  o.a.m.s.f.DefaultMavenResourcesFiltering - Copying 1 resource from src\main\resources to target\classes
2025-05-15 12:21:38,205 [Worker-34: Building] INFO  o.a.m.s.f.DefaultMavenResourcesFiltering - skip non existing resourceDirectory D:\Desktop\LOS-\src\test\resources
2025-05-15 12:24:34,871 [Worker-35: Building] INFO  o.a.m.s.f.DefaultMavenResourcesFiltering - Copying 1 resource from src\main\resources to target\classes
2025-05-15 12:24:34,873 [Worker-35: Building] INFO  o.a.m.s.f.DefaultMavenResourcesFiltering - Copying 1 resource from src\main\resources to target\classes
2025-05-15 12:24:34,877 [Worker-35: Building] INFO  o.a.m.s.f.DefaultMavenResourcesFiltering - skip non existing resourceDirectory D:\Desktop\LOS-\src\test\resources
2025-05-15 12:24:55,833 [Worker-36: Building] INFO  o.a.m.s.f.DefaultMavenResourcesFiltering - Copying 1 resource from src\main\resources to target\classes
2025-05-15 12:24:55,841 [Worker-36: Building] INFO  o.a.m.s.f.DefaultMavenResourcesFiltering - Copying 1 resource from src\main\resources to target\classes
2025-05-15 12:24:55,844 [Worker-36: Building] INFO  o.a.m.s.f.DefaultMavenResourcesFiltering - skip non existing resourceDirectory D:\Desktop\LOS-\src\test\resources
2025-05-15 12:25:17,772 [Worker-33: Building] INFO  o.a.m.s.f.DefaultMavenResourcesFiltering - Copying 1 resource from src\main\resources to target\classes
2025-05-15 12:25:17,781 [Worker-33: Building] INFO  o.a.m.s.f.DefaultMavenResourcesFiltering - Copying 1 resource from src\main\resources to target\classes
2025-05-15 12:25:17,785 [Worker-33: Building] INFO  o.a.m.s.f.DefaultMavenResourcesFiltering - skip non existing resourceDirectory D:\Desktop\LOS-\src\test\resources
2025-05-15 12:25:56,032 [Worker-36: Building] INFO  o.a.m.s.f.DefaultMavenResourcesFiltering - Copying 1 resource from src\main\resources to target\classes
2025-05-15 12:25:56,039 [Worker-36: Building] INFO  o.a.m.s.f.DefaultMavenResourcesFiltering - Copying 1 resource from src\main\resources to target\classes
2025-05-15 12:25:56,042 [Worker-36: Building] INFO  o.a.m.s.f.DefaultMavenResourcesFiltering - skip non existing resourceDirectory D:\Desktop\LOS-\src\test\resources
2025-05-15 12:26:41,537 [Worker-39: Building] INFO  o.a.m.s.f.DefaultMavenResourcesFiltering - Copying 1 resource from src\main\resources to target\classes
2025-05-15 12:26:41,543 [Worker-39: Building] INFO  o.a.m.s.f.DefaultMavenResourcesFiltering - Copying 1 resource from src\main\resources to target\classes
2025-05-15 12:26:41,546 [Worker-39: Building] INFO  o.a.m.s.f.DefaultMavenResourcesFiltering - skip non existing resourceDirectory D:\Desktop\LOS-\src\test\resources
2025-05-15 12:26:45,317 [Worker-37: Building] INFO  o.a.m.s.f.DefaultMavenResourcesFiltering - Copying 1 resource from src\main\resources to target\classes
2025-05-15 12:26:45,324 [Worker-37: Building] INFO  o.a.m.s.f.DefaultMavenResourcesFiltering - Copying 1 resource from src\main\resources to target\classes
2025-05-15 12:26:45,327 [Worker-37: Building] INFO  o.a.m.s.f.DefaultMavenResourcesFiltering - skip non existing resourceDirectory D:\Desktop\LOS-\src\test\resources
2025-05-15 12:29:08,109 [Worker-33: Building] INFO  o.a.m.s.f.DefaultMavenResourcesFiltering - Copying 1 resource from src\main\resources to target\classes
2025-05-15 12:29:08,114 [Worker-33: Building] INFO  o.a.m.s.f.DefaultMavenResourcesFiltering - Copying 1 resource from src\main\resources to target\classes
2025-05-15 12:29:08,116 [Worker-33: Building] INFO  o.a.m.s.f.DefaultMavenResourcesFiltering - skip non existing resourceDirectory D:\Desktop\LOS-\src\test\resources
2025-05-15 12:30:08,476 [Worker-33: Building] INFO  o.a.m.s.f.DefaultMavenResourcesFiltering - Copying 1 resource from src\main\resources to target\classes
2025-05-15 12:30:08,481 [Worker-33: Building] INFO  o.a.m.s.f.DefaultMavenResourcesFiltering - Copying 1 resource from src\main\resources to target\classes
2025-05-15 12:30:08,484 [Worker-33: Building] INFO  o.a.m.s.f.DefaultMavenResourcesFiltering - skip non existing resourceDirectory D:\Desktop\LOS-\src\test\resources
2025-05-15 12:30:50,069 [Worker-41: Building] INFO  o.a.m.s.f.DefaultMavenResourcesFiltering - Copying 1 resource from src\main\resources to target\classes
2025-05-15 12:30:50,080 [Worker-41: Building] INFO  o.a.m.s.f.DefaultMavenResourcesFiltering - Copying 0 resource from src\main\resources to target\classes
2025-05-15 12:30:50,083 [Worker-41: Building] INFO  o.a.m.s.f.DefaultMavenResourcesFiltering - skip non existing resourceDirectory D:\Desktop\LOS-\src\test\resources
2025-05-15 12:37:34,151 [Worker-33: Building] INFO  o.a.m.s.f.DefaultMavenResourcesFiltering - Copying 1 resource from src\main\resources to target\classes
2025-05-15 12:37:34,179 [Worker-33: Building] INFO  o.a.m.s.f.DefaultMavenResourcesFiltering - Copying 0 resource from src\main\resources to target\classes
2025-05-15 12:37:34,185 [Worker-33: Building] INFO  o.a.m.s.f.DefaultMavenResourcesFiltering - skip non existing resourceDirectory D:\Desktop\LOS-\src\test\resources
2025-05-15 12:45:27,960 [Worker-38: Building] INFO  o.a.m.s.f.DefaultMavenResourcesFiltering - Copying 1 resource from src\main\resources to target\classes
2025-05-15 12:45:27,998 [Worker-38: Building] INFO  o.a.m.s.f.DefaultMavenResourcesFiltering - Copying 0 resource from src\main\resources to target\classes
2025-05-15 12:45:28,002 [Worker-38: Building] INFO  o.a.m.s.f.DefaultMavenResourcesFiltering - skip non existing resourceDirectory D:\Desktop\LOS-\src\test\resources
2025-05-15 12:49:05,143 [Worker-44: Building] INFO  o.a.m.s.f.DefaultMavenResourcesFiltering - Copying 1 resource from src\main\resources to target\classes
2025-05-15 12:49:05,154 [Worker-44: Building] INFO  o.a.m.s.f.DefaultMavenResourcesFiltering - Copying 1 resource from src\main\resources to target\classes
2025-05-15 12:49:05,160 [Worker-44: Building] INFO  o.a.m.s.f.DefaultMavenResourcesFiltering - skip non existing resourceDirectory D:\Desktop\LOS-\src\test\resources
2025-05-15 12:49:11,952 [Worker-41: Building] INFO  o.a.m.s.f.DefaultMavenResourcesFiltering - Copying 1 resource from src\main\resources to target\classes
2025-05-15 12:49:12,007 [Worker-41: Building] INFO  o.a.m.s.f.DefaultMavenResourcesFiltering - Copying 1 resource from src\main\resources to target\classes
2025-05-15 12:49:12,011 [Worker-41: Building] INFO  o.a.m.s.f.DefaultMavenResourcesFiltering - skip non existing resourceDirectory D:\Desktop\LOS-\src\test\resources
2025-05-15 12:51:44,735 [Worker-33: Building] INFO  o.a.m.s.f.DefaultMavenResourcesFiltering - Copying 1 resource from src\main\resources to target\classes
2025-05-15 12:51:44,741 [Worker-33: Building] INFO  o.a.m.s.f.DefaultMavenResourcesFiltering - Copying 1 resource from src\main\resources to target\classes
2025-05-15 12:51:44,744 [Worker-33: Building] INFO  o.a.m.s.f.DefaultMavenResourcesFiltering - skip non existing resourceDirectory D:\Desktop\LOS-\src\test\resources
2025-05-15 12:52:47,878 [Worker-45: Building] INFO  o.a.m.s.f.DefaultMavenResourcesFiltering - Copying 1 resource from src\main\resources to target\classes
2025-05-15 12:52:47,879 [Worker-45: Building] INFO  o.a.m.s.f.DefaultMavenResourcesFiltering - Copying 1 resource from src\main\resources to target\classes
2025-05-15 12:52:48,002 [Worker-45: Building] INFO  o.a.m.s.f.DefaultMavenResourcesFiltering - skip non existing resourceDirectory D:\Desktop\LOS-\src\test\resources
2025-05-15 12:52:54,704 [Worker-45: Building] INFO  o.a.m.s.f.DefaultMavenResourcesFiltering - Copying 1 resource from src\main\resources to target\classes
2025-05-15 12:52:54,713 [Worker-45: Building] INFO  o.a.m.s.f.DefaultMavenResourcesFiltering - Copying 1 resource from src\main\resources to target\classes
2025-05-15 12:52:54,716 [Worker-45: Building] INFO  o.a.m.s.f.DefaultMavenResourcesFiltering - skip non existing resourceDirectory D:\Desktop\LOS-\src\test\resources
2025-05-15 12:54:09,508 [Worker-42: Building] INFO  o.a.m.s.f.DefaultMavenResourcesFiltering - Copying 1 resource from src\main\resources to target\classes
2025-05-15 12:54:09,520 [Worker-42: Building] INFO  o.a.m.s.f.DefaultMavenResourcesFiltering - Copying 0 resource from src\main\resources to target\classes
2025-05-15 12:54:09,523 [Worker-42: Building] INFO  o.a.m.s.f.DefaultMavenResourcesFiltering - skip non existing resourceDirectory D:\Desktop\LOS-\src\test\resources
2025-05-15 12:54:55,376 [Worker-44: Building] INFO  o.a.m.s.f.DefaultMavenResourcesFiltering - Copying 0 resource from src\main\resources to target\classes
2025-05-15 12:54:55,376 [Worker-44: Building] INFO  o.a.m.s.f.DefaultMavenResourcesFiltering - Copying 0 resource from src\main\resources to target\classes
2025-05-15 12:54:55,379 [Worker-44: Building] INFO  o.a.m.s.f.DefaultMavenResourcesFiltering - skip non existing resourceDirectory D:\Desktop\LOS-\src\test\resources
2025-05-15 12:55:18,983 [Worker-45: Building] INFO  o.a.m.s.f.DefaultMavenResourcesFiltering - Copying 1 resource from src\main\resources to target\classes
2025-05-15 12:55:18,990 [Worker-45: Building] INFO  o.a.m.s.f.DefaultMavenResourcesFiltering - Copying 1 resource from src\main\resources to target\classes
2025-05-15 12:55:18,993 [Worker-45: Building] INFO  o.a.m.s.f.DefaultMavenResourcesFiltering - skip non existing resourceDirectory D:\Desktop\LOS-\src\test\resources
2025-05-15 12:55:58,560 [Worker-44: Building] INFO  o.a.m.s.f.DefaultMavenResourcesFiltering - Copying 1 resource from src\main\resources to target\classes
2025-05-15 12:55:58,581 [Worker-44: Building] INFO  o.a.m.s.f.DefaultMavenResourcesFiltering - Copying 1 resource from src\main\resources to target\classes
2025-05-15 12:55:58,583 [Worker-44: Building] INFO  o.a.m.s.f.DefaultMavenResourcesFiltering - skip non existing resourceDirectory D:\Desktop\LOS-\src\test\resources
2025-05-15 12:56:10,890 [Worker-42: Building] INFO  o.a.m.s.f.DefaultMavenResourcesFiltering - Copying 1 resource from src\main\resources to target\classes
2025-05-15 12:56:10,896 [Worker-42: Building] INFO  o.a.m.s.f.DefaultMavenResourcesFiltering - Copying 1 resource from src\main\resources to target\classes
2025-05-15 12:56:10,901 [Worker-42: Building] INFO  o.a.m.s.f.DefaultMavenResourcesFiltering - skip non existing resourceDirectory D:\Desktop\LOS-\src\test\resources
2025-05-15 13:05:29,360 [Worker-41: Building] INFO  o.a.m.s.f.DefaultMavenResourcesFiltering - Copying 1 resource from src\main\resources to target\classes
2025-05-15 13:05:29,369 [Worker-41: Building] INFO  o.a.m.s.f.DefaultMavenResourcesFiltering - Copying 1 resource from src\main\resources to target\classes
2025-05-15 13:05:29,372 [Worker-41: Building] INFO  o.a.m.s.f.DefaultMavenResourcesFiltering - skip non existing resourceDirectory D:\Desktop\LOS-\src\test\resources
2025-05-15 13:07:48,487 [Worker-33: Building] INFO  o.a.m.s.f.DefaultMavenResourcesFiltering - Copying 1 resource from src\main\resources to target\classes
2025-05-15 13:07:48,500 [Worker-33: Building] INFO  o.a.m.s.f.DefaultMavenResourcesFiltering - Copying 1 resource from src\main\resources to target\classes
2025-05-15 13:07:48,503 [Worker-33: Building] INFO  o.a.m.s.f.DefaultMavenResourcesFiltering - skip non existing resourceDirectory D:\Desktop\LOS-\src\test\resources
2025-05-15 13:08:51,380 [Worker-46: Building] INFO  o.a.m.s.f.DefaultMavenResourcesFiltering - Copying 1 resource from src\main\resources to target\classes
2025-05-15 13:08:51,405 [Worker-46: Building] INFO  o.a.m.s.f.DefaultMavenResourcesFiltering - Copying 1 resource from src\main\resources to target\classes
2025-05-15 13:08:51,409 [Worker-46: Building] INFO  o.a.m.s.f.DefaultMavenResourcesFiltering - skip non existing resourceDirectory D:\Desktop\LOS-\src\test\resources
2025-05-15 13:09:07,320 [Worker-41: Building] INFO  o.a.m.s.f.DefaultMavenResourcesFiltering - Copying 1 resource from src\main\resources to target\classes
2025-05-15 13:09:07,325 [Worker-41: Building] INFO  o.a.m.s.f.DefaultMavenResourcesFiltering - Copying 1 resource from src\main\resources to target\classes
2025-05-15 13:09:07,327 [Worker-41: Building] INFO  o.a.m.s.f.DefaultMavenResourcesFiltering - skip non existing resourceDirectory D:\Desktop\LOS-\src\test\resources
2025-05-15 13:10:44,280 [Worker-33: Building] INFO  o.a.m.s.f.DefaultMavenResourcesFiltering - Copying 1 resource from src\main\resources to target\classes
2025-05-15 13:10:44,286 [Worker-33: Building] INFO  o.a.m.s.f.DefaultMavenResourcesFiltering - Copying 0 resource from src\main\resources to target\classes
2025-05-15 13:10:44,288 [Worker-33: Building] INFO  o.a.m.s.f.DefaultMavenResourcesFiltering - skip non existing resourceDirectory D:\Desktop\LOS-\src\test\resources
2025-05-15 13:10:59,584 [Worker-42: Building] INFO  o.a.m.s.f.DefaultMavenResourcesFiltering - Copying 1 resource from src\main\resources to target\classes
2025-05-15 13:10:59,612 [Worker-42: Building] INFO  o.a.m.s.f.DefaultMavenResourcesFiltering - Copying 0 resource from src\main\resources to target\classes
2025-05-15 13:10:59,617 [Worker-42: Building] INFO  o.a.m.s.f.DefaultMavenResourcesFiltering - skip non existing resourceDirectory D:\Desktop\LOS-\src\test\resources
2025-05-15 13:11:21,100 [Worker-42: Building] INFO  o.a.m.s.f.DefaultMavenResourcesFiltering - Copying 1 resource from src\main\resources to target\classes
2025-05-15 13:11:21,112 [Worker-42: Building] INFO  o.a.m.s.f.DefaultMavenResourcesFiltering - Copying 0 resource from src\main\resources to target\classes
2025-05-15 13:11:21,114 [Worker-42: Building] INFO  o.a.m.s.f.DefaultMavenResourcesFiltering - skip non existing resourceDirectory D:\Desktop\LOS-\src\test\resources
2025-05-15 13:14:12,601 [Worker-46: Building] INFO  o.e.m.c.i.l.LifecycleMappingFactory - Using org.maven.ide.eclipse.wtp.WarLifecycleMapping lifecycle mapping for MavenProject: com.imperacred:BankLoanApplication:0.0.1-SNAPSHOT @ D:\Desktop\LOS-\pom.xml.
2025-05-15 13:14:14,680 [Worker-46: Building] INFO  o.a.m.s.f.DefaultMavenResourcesFiltering - Copying 0 resource from src\main\resources to target\classes
2025-05-15 13:14:14,680 [Worker-46: Building] INFO  o.a.m.s.f.DefaultMavenResourcesFiltering - Copying 0 resource from src\main\resources to target\classes
2025-05-15 13:14:14,686 [Worker-46: Building] INFO  o.a.m.s.f.DefaultMavenResourcesFiltering - skip non existing resourceDirectory D:\Desktop\LOS-\src\test\resources
2025-05-15 13:14:14,687 [Worker-46: Building] INFO  o.e.m.w.i.f.ResourceFilteringBuildParticipant - Changed resources require a complete clean of filtered resources of LOS-
2025-05-15 13:14:14,694 [Worker-46: Building] INFO  o.e.m.w.i.f.ResourceFilteringBuildParticipant - Executing resource filtering for LOS-
2025-05-15 13:14:18,555 [Worker-42: Building] INFO  o.a.m.s.f.DefaultMavenResourcesFiltering - Copying 1 resource from src\main\resources to target\classes
2025-05-15 13:14:18,581 [Worker-42: Building] INFO  o.a.m.s.f.DefaultMavenResourcesFiltering - Copying 1 resource from src\main\resources to target\classes
2025-05-15 13:14:18,586 [Worker-42: Building] INFO  o.a.m.s.f.DefaultMavenResourcesFiltering - skip non existing resourceDirectory D:\Desktop\LOS-\src\test\resources
2025-05-15 13:14:30,412 [Worker-47: Launching LOS- - BankLoanApplication] INFO  o.e.m.c.i.l.LifecycleMappingFactory - Using org.maven.ide.eclipse.wtp.WarLifecycleMapping lifecycle mapping for MavenProject: com.imperacred:BankLoanApplication:0.0.1-SNAPSHOT @ D:\Desktop\LOS-\pom.xml.
2025-05-15 13:14:31,608 [Worker-47: Launching LOS- - BankLoanApplication] INFO  o.a.m.s.f.DefaultMavenResourcesFiltering - Copying 1 resource from src\main\resources to target\classes
2025-05-15 13:14:31,631 [Worker-47: Launching LOS- - BankLoanApplication] INFO  o.a.m.s.f.DefaultMavenResourcesFiltering - Copying 0 resource from src\main\resources to target\classes
2025-05-15 13:14:31,636 [Worker-47: Launching LOS- - BankLoanApplication] INFO  o.a.m.s.f.DefaultMavenResourcesFiltering - skip non existing resourceDirectory D:\Desktop\LOS-\src\test\resources
2025-05-15 13:14:31,637 [Worker-47: Launching LOS- - BankLoanApplication] INFO  o.e.m.w.i.f.ResourceFilteringBuildParticipant - Changed resources require a complete clean of filtered resources of LOS-
2025-05-15 13:14:31,637 [Worker-47: Launching LOS- - BankLoanApplication] INFO  o.e.m.w.i.f.ResourceFilteringBuildParticipant - Executing resource filtering for LOS-
2025-05-15 13:15:51,802 [Worker-44: Building] INFO  o.a.m.s.f.DefaultMavenResourcesFiltering - Copying 1 resource from src\main\resources to target\classes
2025-05-15 13:15:51,810 [Worker-44: Building] INFO  o.a.m.s.f.DefaultMavenResourcesFiltering - Copying 1 resource from src\main\resources to target\classes
2025-05-15 13:15:51,813 [Worker-44: Building] INFO  o.a.m.s.f.DefaultMavenResourcesFiltering - skip non existing resourceDirectory D:\Desktop\LOS-\src\test\resources
2025-05-15 13:16:49,142 [Worker-36: Building] INFO  o.a.m.s.f.DefaultMavenResourcesFiltering - Copying 1 resource from src\main\resources to target\classes
2025-05-15 13:16:49,151 [Worker-36: Building] INFO  o.a.m.s.f.DefaultMavenResourcesFiltering - Copying 0 resource from src\main\resources to target\classes
2025-05-15 13:16:49,153 [Worker-36: Building] INFO  o.a.m.s.f.DefaultMavenResourcesFiltering - skip non existing resourceDirectory D:\Desktop\LOS-\src\test\resources
2025-05-15 13:20:12,745 [Worker-45: Updating Maven Project] INFO  o.e.m.c.i.p.ProjectConfigurationManager - Update started
2025-05-15 13:20:13,166 [Worker-45: Updating Maven Project] INFO  o.e.m.c.i.l.LifecycleMappingFactory - Using org.maven.ide.eclipse.wtp.WarLifecycleMapping lifecycle mapping for MavenProject: com.imperacred:BankLoanApplication:0.0.1-SNAPSHOT @ D:\Desktop\LOS-\pom.xml.
2025-05-15 13:20:14,385 [Worker-45: Updating Maven Project] INFO  o.e.m.j.i.AbstractJavaProjectConfigurator - Adding source folder /LOS-/src/main/java
2025-05-15 13:20:14,388 [Worker-45: Updating Maven Project] INFO  o.e.m.j.i.AbstractJavaProjectConfigurator - Adding resource folder /LOS-/src/main/resources
2025-05-15 13:20:14,388 [Worker-45: Updating Maven Project] INFO  o.e.m.j.i.AbstractJavaProjectConfigurator - Adding resource folder /LOS-/src/main/resources
2025-05-15 13:20:14,389 [Worker-45: Updating Maven Project] INFO  o.e.m.j.i.AbstractJavaProjectConfigurator - Adding source folder /LOS-/src/test/java
2025-05-15 13:20:14,390 [Worker-45: Updating Maven Project] INFO  o.e.m.j.i.AbstractJavaProjectConfigurator - Adding resource folder /LOS-/src/test/resources
2025-05-15 13:20:15,523 [Worker-45: Updating Maven Project] INFO  o.e.m.w.i.f.ResourceFilteringBuildParticipant - Cleaning filtered folder for LOS-
2025-05-15 13:20:15,601 [Worker-45: Updating Maven Project] INFO  o.e.m.c.i.p.ProjectConfigurationManager - Update completed for 1 poms: local refresh takes 0.00 sec, refresh facades takes 1.00 sec, update config takes 1.00 sec 
2025-05-15 13:20:16,444 [Worker-36: Building] INFO  o.a.m.s.f.DefaultMavenResourcesFiltering - Copying 1 resource from src\main\resources to target\classes
2025-05-15 13:20:16,493 [Worker-36: Building] INFO  o.a.m.s.f.DefaultMavenResourcesFiltering - Copying 1 resource from src\main\resources to target\classes
2025-05-15 13:20:16,586 [Worker-36: Building] INFO  o.a.m.s.f.DefaultMavenResourcesFiltering - skip non existing resourceDirectory D:\Desktop\LOS-\src\test\resources
2025-05-15 13:20:16,587 [Worker-36: Building] INFO  o.e.m.w.i.f.ResourceFilteringBuildParticipant - Changed resources require a complete clean of filtered resources of LOS-
2025-05-15 13:20:16,587 [Worker-36: Building] INFO  o.e.m.w.i.f.ResourceFilteringBuildParticipant - Executing resource filtering for LOS-
2025-05-15 13:20:20,008 [Worker-45: Launching Executing clean in D__Desktop_LOS-] INFO  o.eclipse.m2e.core.internal.Bundles - getClasspathEntries(Bundle=org.eclipse.m2e.maven.runtime_3.9.900.20250220-2013 [637])
2025-05-15 13:20:20,012 [Worker-45: Launching Executing clean in D__Desktop_LOS-] INFO  o.eclipse.m2e.core.internal.Bundles - 	Entry: C:\Users\Yadnyesh\.p2\pool\plugins\org.eclipse.m2e.maven.runtime_3.9.900.20250220-2013
2025-05-15 13:20:20,013 [Worker-45: Launching Executing clean in D__Desktop_LOS-] INFO  o.eclipse.m2e.core.internal.Bundles - 	Entry: C:\Users\Yadnyesh\.p2\pool\plugins\org.eclipse.m2e.maven.runtime_3.9.900.20250220-2013\jars\aopalliance-1.0.jar
2025-05-15 13:20:20,013 [Worker-45: Launching Executing clean in D__Desktop_LOS-] INFO  o.eclipse.m2e.core.internal.Bundles - 	Entry: C:\Users\Yadnyesh\.p2\pool\plugins\org.eclipse.m2e.maven.runtime_3.9.900.20250220-2013\jars\guice-5.1.0.jar
2025-05-15 13:20:20,013 [Worker-45: Launching Executing clean in D__Desktop_LOS-] INFO  o.eclipse.m2e.core.internal.Bundles - 	Entry: C:\Users\Yadnyesh\.p2\pool\plugins\org.eclipse.m2e.maven.runtime_3.9.900.20250220-2013\jars\httpclient-4.5.14.jar
2025-05-15 13:20:20,013 [Worker-45: Launching Executing clean in D__Desktop_LOS-] INFO  o.eclipse.m2e.core.internal.Bundles - 	Entry: C:\Users\Yadnyesh\.p2\pool\plugins\org.eclipse.m2e.maven.runtime_3.9.900.20250220-2013\jars\httpcore-4.4.16.jar
2025-05-15 13:20:20,013 [Worker-45: Launching Executing clean in D__Desktop_LOS-] INFO  o.eclipse.m2e.core.internal.Bundles - 	Entry: C:\Users\Yadnyesh\.p2\pool\plugins\org.eclipse.m2e.maven.runtime_3.9.900.20250220-2013\jars\jansi-2.4.1.jar
2025-05-15 13:20:20,013 [Worker-45: Launching Executing clean in D__Desktop_LOS-] INFO  o.eclipse.m2e.core.internal.Bundles - 	Entry: C:\Users\Yadnyesh\.p2\pool\plugins\org.eclipse.m2e.maven.runtime_3.9.900.20250220-2013\jars\jcl-over-slf4j-1.7.36.jar
2025-05-15 13:20:20,014 [Worker-45: Launching Executing clean in D__Desktop_LOS-] INFO  o.eclipse.m2e.core.internal.Bundles - 	Entry: C:\Users\Yadnyesh\.p2\pool\plugins\org.eclipse.m2e.maven.runtime_3.9.900.20250220-2013\jars\maven-artifact-3.9.9.jar
2025-05-15 13:20:20,014 [Worker-45: Launching Executing clean in D__Desktop_LOS-] INFO  o.eclipse.m2e.core.internal.Bundles - 	Entry: C:\Users\Yadnyesh\.p2\pool\plugins\org.eclipse.m2e.maven.runtime_3.9.900.20250220-2013\jars\maven-builder-support-3.9.9.jar
2025-05-15 13:20:20,014 [Worker-45: Launching Executing clean in D__Desktop_LOS-] INFO  o.eclipse.m2e.core.internal.Bundles - 	Entry: C:\Users\Yadnyesh\.p2\pool\plugins\org.eclipse.m2e.maven.runtime_3.9.900.20250220-2013\jars\maven-compat-3.9.9.jar
2025-05-15 13:20:20,014 [Worker-45: Launching Executing clean in D__Desktop_LOS-] INFO  o.eclipse.m2e.core.internal.Bundles - 	Entry: C:\Users\Yadnyesh\.p2\pool\plugins\org.eclipse.m2e.maven.runtime_3.9.900.20250220-2013\jars\maven-core-3.9.9.jar
2025-05-15 13:20:20,014 [Worker-45: Launching Executing clean in D__Desktop_LOS-] INFO  o.eclipse.m2e.core.internal.Bundles - 	Entry: C:\Users\Yadnyesh\.p2\pool\plugins\org.eclipse.m2e.maven.runtime_3.9.900.20250220-2013\jars\maven-embedder-3.9.9.jar
2025-05-15 13:20:20,014 [Worker-45: Launching Executing clean in D__Desktop_LOS-] INFO  o.eclipse.m2e.core.internal.Bundles - 	Entry: C:\Users\Yadnyesh\.p2\pool\plugins\org.eclipse.m2e.maven.runtime_3.9.900.20250220-2013\jars\maven-model-3.9.9.jar
2025-05-15 13:20:20,015 [Worker-45: Launching Executing clean in D__Desktop_LOS-] INFO  o.eclipse.m2e.core.internal.Bundles - 	Entry: C:\Users\Yadnyesh\.p2\pool\plugins\org.eclipse.m2e.maven.runtime_3.9.900.20250220-2013\jars\maven-model-builder-3.9.9.jar
2025-05-15 13:20:20,015 [Worker-45: Launching Executing clean in D__Desktop_LOS-] INFO  o.eclipse.m2e.core.internal.Bundles - 	Entry: C:\Users\Yadnyesh\.p2\pool\plugins\org.eclipse.m2e.maven.runtime_3.9.900.20250220-2013\jars\maven-plugin-api-3.9.9.jar
2025-05-15 13:20:20,015 [Worker-45: Launching Executing clean in D__Desktop_LOS-] INFO  o.eclipse.m2e.core.internal.Bundles - 	Entry: C:\Users\Yadnyesh\.p2\pool\plugins\org.eclipse.m2e.maven.runtime_3.9.900.20250220-2013\jars\maven-repository-metadata-3.9.9.jar
2025-05-15 13:20:20,015 [Worker-45: Launching Executing clean in D__Desktop_LOS-] INFO  o.eclipse.m2e.core.internal.Bundles - 	Entry: C:\Users\Yadnyesh\.p2\pool\plugins\org.eclipse.m2e.maven.runtime_3.9.900.20250220-2013\jars\maven-resolver-api-1.9.22.jar
2025-05-15 13:20:20,015 [Worker-45: Launching Executing clean in D__Desktop_LOS-] INFO  o.eclipse.m2e.core.internal.Bundles - 	Entry: C:\Users\Yadnyesh\.p2\pool\plugins\org.eclipse.m2e.maven.runtime_3.9.900.20250220-2013\jars\maven-resolver-connector-basic-1.9.22.jar
2025-05-15 13:20:20,015 [Worker-45: Launching Executing clean in D__Desktop_LOS-] INFO  o.eclipse.m2e.core.internal.Bundles - 	Entry: C:\Users\Yadnyesh\.p2\pool\plugins\org.eclipse.m2e.maven.runtime_3.9.900.20250220-2013\jars\maven-resolver-impl-1.9.22.jar
2025-05-15 13:20:20,015 [Worker-45: Launching Executing clean in D__Desktop_LOS-] INFO  o.eclipse.m2e.core.internal.Bundles - 	Entry: C:\Users\Yadnyesh\.p2\pool\plugins\org.eclipse.m2e.maven.runtime_3.9.900.20250220-2013\jars\maven-resolver-named-locks-1.9.22.jar
2025-05-15 13:20:20,016 [Worker-45: Launching Executing clean in D__Desktop_LOS-] INFO  o.eclipse.m2e.core.internal.Bundles - 	Entry: C:\Users\Yadnyesh\.p2\pool\plugins\org.eclipse.m2e.maven.runtime_3.9.900.20250220-2013\jars\maven-resolver-provider-3.9.9.jar
2025-05-15 13:20:20,016 [Worker-45: Launching Executing clean in D__Desktop_LOS-] INFO  o.eclipse.m2e.core.internal.Bundles - 	Entry: C:\Users\Yadnyesh\.p2\pool\plugins\org.eclipse.m2e.maven.runtime_3.9.900.20250220-2013\jars\maven-resolver-spi-1.9.22.jar
2025-05-15 13:20:20,016 [Worker-45: Launching Executing clean in D__Desktop_LOS-] INFO  o.eclipse.m2e.core.internal.Bundles - 	Entry: C:\Users\Yadnyesh\.p2\pool\plugins\org.eclipse.m2e.maven.runtime_3.9.900.20250220-2013\jars\maven-resolver-transport-file-1.9.22.jar
2025-05-15 13:20:20,016 [Worker-45: Launching Executing clean in D__Desktop_LOS-] INFO  o.eclipse.m2e.core.internal.Bundles - 	Entry: C:\Users\Yadnyesh\.p2\pool\plugins\org.eclipse.m2e.maven.runtime_3.9.900.20250220-2013\jars\maven-resolver-transport-http-1.9.22.jar
2025-05-15 13:20:20,016 [Worker-45: Launching Executing clean in D__Desktop_LOS-] INFO  o.eclipse.m2e.core.internal.Bundles - 	Entry: C:\Users\Yadnyesh\.p2\pool\plugins\org.eclipse.m2e.maven.runtime_3.9.900.20250220-2013\jars\maven-resolver-transport-wagon-1.9.22.jar
2025-05-15 13:20:20,016 [Worker-45: Launching Executing clean in D__Desktop_LOS-] INFO  o.eclipse.m2e.core.internal.Bundles - 	Entry: C:\Users\Yadnyesh\.p2\pool\plugins\org.eclipse.m2e.maven.runtime_3.9.900.20250220-2013\jars\maven-resolver-util-1.9.22.jar
2025-05-15 13:20:20,017 [Worker-45: Launching Executing clean in D__Desktop_LOS-] INFO  o.eclipse.m2e.core.internal.Bundles - 	Entry: C:\Users\Yadnyesh\.p2\pool\plugins\org.eclipse.m2e.maven.runtime_3.9.900.20250220-2013\jars\maven-settings-3.9.9.jar
2025-05-15 13:20:20,017 [Worker-45: Launching Executing clean in D__Desktop_LOS-] INFO  o.eclipse.m2e.core.internal.Bundles - 	Entry: C:\Users\Yadnyesh\.p2\pool\plugins\org.eclipse.m2e.maven.runtime_3.9.900.20250220-2013\jars\maven-settings-builder-3.9.9.jar
2025-05-15 13:20:20,017 [Worker-45: Launching Executing clean in D__Desktop_LOS-] INFO  o.eclipse.m2e.core.internal.Bundles - 	Entry: C:\Users\Yadnyesh\.p2\pool\plugins\org.eclipse.m2e.maven.runtime_3.9.900.20250220-2013\jars\maven-shared-utils-3.4.2.jar
2025-05-15 13:20:20,017 [Worker-45: Launching Executing clean in D__Desktop_LOS-] INFO  o.eclipse.m2e.core.internal.Bundles - 	Entry: C:\Users\Yadnyesh\.p2\pool\plugins\org.eclipse.m2e.maven.runtime_3.9.900.20250220-2013\jars\org.eclipse.sisu.inject-0.9.0.M3.jar
2025-05-15 13:20:20,018 [Worker-45: Launching Executing clean in D__Desktop_LOS-] INFO  o.eclipse.m2e.core.internal.Bundles - 	Entry: C:\Users\Yadnyesh\.p2\pool\plugins\org.eclipse.m2e.maven.runtime_3.9.900.20250220-2013\jars\org.eclipse.sisu.plexus-0.9.0.M3.jar
2025-05-15 13:20:20,018 [Worker-45: Launching Executing clean in D__Desktop_LOS-] INFO  o.eclipse.m2e.core.internal.Bundles - 	Entry: C:\Users\Yadnyesh\.p2\pool\plugins\org.eclipse.m2e.maven.runtime_3.9.900.20250220-2013\jars\plexus-build-api-0.0.7.jar
2025-05-15 13:20:20,018 [Worker-45: Launching Executing clean in D__Desktop_LOS-] INFO  o.eclipse.m2e.core.internal.Bundles - 	Entry: C:\Users\Yadnyesh\.p2\pool\plugins\org.eclipse.m2e.maven.runtime_3.9.900.20250220-2013\jars\plexus-build-api-1.2.0.jar
2025-05-15 13:20:20,018 [Worker-45: Launching Executing clean in D__Desktop_LOS-] INFO  o.eclipse.m2e.core.internal.Bundles - 	Entry: C:\Users\Yadnyesh\.p2\pool\plugins\org.eclipse.m2e.maven.runtime_3.9.900.20250220-2013\jars\plexus-cipher-2.0.jar
2025-05-15 13:20:20,019 [Worker-45: Launching Executing clean in D__Desktop_LOS-] INFO  o.eclipse.m2e.core.internal.Bundles - 	Entry: C:\Users\Yadnyesh\.p2\pool\plugins\org.eclipse.m2e.maven.runtime_3.9.900.20250220-2013\jars\plexus-classworlds-2.8.0.jar
2025-05-15 13:20:20,019 [Worker-45: Launching Executing clean in D__Desktop_LOS-] INFO  o.eclipse.m2e.core.internal.Bundles - 	Entry: C:\Users\Yadnyesh\.p2\pool\plugins\org.eclipse.m2e.maven.runtime_3.9.900.20250220-2013\jars\plexus-component-annotations-2.1.0.jar
2025-05-15 13:20:20,019 [Worker-45: Launching Executing clean in D__Desktop_LOS-] INFO  o.eclipse.m2e.core.internal.Bundles - 	Entry: C:\Users\Yadnyesh\.p2\pool\plugins\org.eclipse.m2e.maven.runtime_3.9.900.20250220-2013\jars\plexus-interpolation-1.27.jar
2025-05-15 13:20:20,019 [Worker-45: Launching Executing clean in D__Desktop_LOS-] INFO  o.eclipse.m2e.core.internal.Bundles - 	Entry: C:\Users\Yadnyesh\.p2\pool\plugins\org.eclipse.m2e.maven.runtime_3.9.900.20250220-2013\jars\plexus-sec-dispatcher-2.0.jar
2025-05-15 13:20:20,019 [Worker-45: Launching Executing clean in D__Desktop_LOS-] INFO  o.eclipse.m2e.core.internal.Bundles - 	Entry: C:\Users\Yadnyesh\.p2\pool\plugins\org.eclipse.m2e.maven.runtime_3.9.900.20250220-2013\jars\plexus-utils-3.5.1.jar
2025-05-15 13:20:20,019 [Worker-45: Launching Executing clean in D__Desktop_LOS-] INFO  o.eclipse.m2e.core.internal.Bundles - 	Entry: C:\Users\Yadnyesh\.p2\pool\plugins\org.eclipse.m2e.maven.runtime_3.9.900.20250220-2013\jars\plexus-xml-3.0.1.jar
2025-05-15 13:20:20,020 [Worker-45: Launching Executing clean in D__Desktop_LOS-] INFO  o.eclipse.m2e.core.internal.Bundles - 	Entry: C:\Users\Yadnyesh\.p2\pool\plugins\org.eclipse.m2e.maven.runtime_3.9.900.20250220-2013\jars\wagon-file-3.5.3.jar
2025-05-15 13:20:20,020 [Worker-45: Launching Executing clean in D__Desktop_LOS-] INFO  o.eclipse.m2e.core.internal.Bundles - 	Entry: C:\Users\Yadnyesh\.p2\pool\plugins\org.eclipse.m2e.maven.runtime_3.9.900.20250220-2013\jars\wagon-http-3.5.3.jar
2025-05-15 13:20:20,020 [Worker-45: Launching Executing clean in D__Desktop_LOS-] INFO  o.eclipse.m2e.core.internal.Bundles - 	Entry: C:\Users\Yadnyesh\.p2\pool\plugins\org.eclipse.m2e.maven.runtime_3.9.900.20250220-2013\jars\wagon-http-shared-3.5.3.jar
2025-05-15 13:20:20,020 [Worker-45: Launching Executing clean in D__Desktop_LOS-] INFO  o.eclipse.m2e.core.internal.Bundles - 	Entry: C:\Users\Yadnyesh\.p2\pool\plugins\org.eclipse.m2e.maven.runtime_3.9.900.20250220-2013\jars\wagon-provider-api-3.5.3.jar
2025-05-15 13:20:20,021 [Worker-45: Launching Executing clean in D__Desktop_LOS-] INFO  o.eclipse.m2e.core.internal.Bundles - getClasspathEntries(Bundle=com.google.guava_33.4.8.jre [1007])
2025-05-15 13:20:20,022 [Worker-45: Launching Executing clean in D__Desktop_LOS-] INFO  o.eclipse.m2e.core.internal.Bundles - 	Entry: C:\Users\Yadnyesh\.p2\pool\plugins\com.google.guava_33.4.8.jre.jar
2025-05-15 13:20:20,022 [Worker-45: Launching Executing clean in D__Desktop_LOS-] INFO  o.eclipse.m2e.core.internal.Bundles - getClasspathEntries(Bundle=slf4j.api_2.0.17 [1001])
2025-05-15 13:20:20,022 [Worker-45: Launching Executing clean in D__Desktop_LOS-] INFO  o.eclipse.m2e.core.internal.Bundles - 	Entry: C:\Users\Yadnyesh\.p2\pool\plugins\slf4j.api_2.0.17.jar
2025-05-15 13:20:20,022 [Worker-45: Launching Executing clean in D__Desktop_LOS-] INFO  o.eclipse.m2e.core.internal.Bundles - getClasspathEntries(Bundle=jakarta.inject.jakarta.inject-api_1.0.5 [34])
2025-05-15 13:20:20,023 [Worker-45: Launching Executing clean in D__Desktop_LOS-] INFO  o.eclipse.m2e.core.internal.Bundles - 	Entry: C:\Users\Yadnyesh\.p2\pool\plugins\jakarta.inject.jakarta.inject-api_1.0.5.jar
2025-05-15 13:20:20,023 [Worker-45: Launching Executing clean in D__Desktop_LOS-] INFO  o.eclipse.m2e.core.internal.Bundles - getClasspathEntries(Bundle=javax.annotation_1.3.5.v20200909-1856 [1012])
2025-05-15 13:20:20,023 [Worker-45: Launching Executing clean in D__Desktop_LOS-] INFO  o.eclipse.m2e.core.internal.Bundles - 	Entry: C:\Users\Yadnyesh\.p2\pool\plugins\javax.annotation_1.3.5.v20200909-1856.jar
2025-05-15 13:20:20,023 [Worker-45: Launching Executing clean in D__Desktop_LOS-] INFO  o.eclipse.m2e.core.internal.Bundles - getClasspathEntries(Bundle=org.apache.commons.cli_1.9.0 [74])
2025-05-15 13:20:20,024 [Worker-45: Launching Executing clean in D__Desktop_LOS-] INFO  o.eclipse.m2e.core.internal.Bundles - 	Entry: C:\Users\Yadnyesh\.p2\pool\plugins\org.apache.commons.cli_1.9.0.jar
2025-05-15 13:20:20,024 [Worker-45: Launching Executing clean in D__Desktop_LOS-] INFO  o.eclipse.m2e.core.internal.Bundles - getClasspathEntries(Bundle=org.apache.commons.commons-codec_1.16.0 [76])
2025-05-15 13:20:20,025 [Worker-45: Launching Executing clean in D__Desktop_LOS-] INFO  o.eclipse.m2e.core.internal.Bundles - 	Entry: C:\Users\Yadnyesh\.p2\pool\plugins\org.apache.commons.commons-codec_1.16.0.jar
2025-05-15 13:20:20,025 [Worker-45: Launching Executing clean in D__Desktop_LOS-] INFO  o.eclipse.m2e.core.internal.Bundles - getClasspathEntries(Bundle=com.google.guava.failureaccess_1.0.3 [1008])
2025-05-15 13:20:20,026 [Worker-45: Launching Executing clean in D__Desktop_LOS-] INFO  o.eclipse.m2e.core.internal.Bundles - 	Entry: C:\Users\Yadnyesh\.p2\pool\plugins\com.google.guava.failureaccess_1.0.3.jar
2025-05-15 13:20:20,029 [Worker-45: Launching Executing clean in D__Desktop_LOS-] INFO  o.e.m.i.launch.MavenLaunchDelegate - Run build in "D:\Desktop\LOS-":
2025-05-15 13:20:20,030 [Worker-45: Launching Executing clean in D__Desktop_LOS-] INFO  o.e.m.i.launch.MavenLaunchDelegate -  mvn  -B -Dstyle.color=always clean
2025-05-15 13:20:26,937 [Worker-46: Building] INFO  o.a.m.s.f.DefaultMavenResourcesFiltering - Copying 1 resource from src\main\resources to target\classes
2025-05-15 13:20:26,939 [Worker-46: Building] INFO  o.a.m.s.f.DefaultMavenResourcesFiltering - Copying 1 resource from src\main\resources to target\classes
2025-05-15 13:20:26,943 [Worker-46: Building] INFO  o.a.m.s.f.DefaultMavenResourcesFiltering - skip non existing resourceDirectory D:\Desktop\LOS-\src\test\resources
2025-05-15 13:20:26,943 [Worker-46: Building] INFO  o.e.m.w.i.f.ResourceFilteringBuildParticipant - Changed resources require a complete clean of filtered resources of LOS-
2025-05-15 13:20:26,943 [Worker-46: Building] INFO  o.e.m.w.i.f.ResourceFilteringBuildParticipant - Executing resource filtering for LOS-
2025-05-15 13:20:29,765 [main] INFO  o.e.m2e.actions.ExecutePomAction - Creating new launch configuration
2025-05-15 13:20:36,617 [Worker-43: Launching Executing install in D__Desktop_LOS-] INFO  o.eclipse.m2e.core.internal.Bundles - getClasspathEntries(Bundle=org.eclipse.m2e.maven.runtime_3.9.900.20250220-2013 [637])
2025-05-15 13:20:36,618 [Worker-43: Launching Executing install in D__Desktop_LOS-] INFO  o.eclipse.m2e.core.internal.Bundles - 	Entry: C:\Users\Yadnyesh\.p2\pool\plugins\org.eclipse.m2e.maven.runtime_3.9.900.20250220-2013
2025-05-15 13:20:36,618 [Worker-43: Launching Executing install in D__Desktop_LOS-] INFO  o.eclipse.m2e.core.internal.Bundles - 	Entry: C:\Users\Yadnyesh\.p2\pool\plugins\org.eclipse.m2e.maven.runtime_3.9.900.20250220-2013\jars\aopalliance-1.0.jar
2025-05-15 13:20:36,618 [Worker-43: Launching Executing install in D__Desktop_LOS-] INFO  o.eclipse.m2e.core.internal.Bundles - 	Entry: C:\Users\Yadnyesh\.p2\pool\plugins\org.eclipse.m2e.maven.runtime_3.9.900.20250220-2013\jars\guice-5.1.0.jar
2025-05-15 13:20:36,619 [Worker-43: Launching Executing install in D__Desktop_LOS-] INFO  o.eclipse.m2e.core.internal.Bundles - 	Entry: C:\Users\Yadnyesh\.p2\pool\plugins\org.eclipse.m2e.maven.runtime_3.9.900.20250220-2013\jars\httpclient-4.5.14.jar
2025-05-15 13:20:36,619 [Worker-43: Launching Executing install in D__Desktop_LOS-] INFO  o.eclipse.m2e.core.internal.Bundles - 	Entry: C:\Users\Yadnyesh\.p2\pool\plugins\org.eclipse.m2e.maven.runtime_3.9.900.20250220-2013\jars\httpcore-4.4.16.jar
2025-05-15 13:20:36,619 [Worker-43: Launching Executing install in D__Desktop_LOS-] INFO  o.eclipse.m2e.core.internal.Bundles - 	Entry: C:\Users\Yadnyesh\.p2\pool\plugins\org.eclipse.m2e.maven.runtime_3.9.900.20250220-2013\jars\jansi-2.4.1.jar
2025-05-15 13:20:36,619 [Worker-43: Launching Executing install in D__Desktop_LOS-] INFO  o.eclipse.m2e.core.internal.Bundles - 	Entry: C:\Users\Yadnyesh\.p2\pool\plugins\org.eclipse.m2e.maven.runtime_3.9.900.20250220-2013\jars\jcl-over-slf4j-1.7.36.jar
2025-05-15 13:20:36,619 [Worker-43: Launching Executing install in D__Desktop_LOS-] INFO  o.eclipse.m2e.core.internal.Bundles - 	Entry: C:\Users\Yadnyesh\.p2\pool\plugins\org.eclipse.m2e.maven.runtime_3.9.900.20250220-2013\jars\maven-artifact-3.9.9.jar
2025-05-15 13:20:36,619 [Worker-43: Launching Executing install in D__Desktop_LOS-] INFO  o.eclipse.m2e.core.internal.Bundles - 	Entry: C:\Users\Yadnyesh\.p2\pool\plugins\org.eclipse.m2e.maven.runtime_3.9.900.20250220-2013\jars\maven-builder-support-3.9.9.jar
2025-05-15 13:20:36,619 [Worker-43: Launching Executing install in D__Desktop_LOS-] INFO  o.eclipse.m2e.core.internal.Bundles - 	Entry: C:\Users\Yadnyesh\.p2\pool\plugins\org.eclipse.m2e.maven.runtime_3.9.900.20250220-2013\jars\maven-compat-3.9.9.jar
2025-05-15 13:20:36,620 [Worker-43: Launching Executing install in D__Desktop_LOS-] INFO  o.eclipse.m2e.core.internal.Bundles - 	Entry: C:\Users\Yadnyesh\.p2\pool\plugins\org.eclipse.m2e.maven.runtime_3.9.900.20250220-2013\jars\maven-core-3.9.9.jar
2025-05-15 13:20:36,620 [Worker-43: Launching Executing install in D__Desktop_LOS-] INFO  o.eclipse.m2e.core.internal.Bundles - 	Entry: C:\Users\Yadnyesh\.p2\pool\plugins\org.eclipse.m2e.maven.runtime_3.9.900.20250220-2013\jars\maven-embedder-3.9.9.jar
2025-05-15 13:20:36,620 [Worker-43: Launching Executing install in D__Desktop_LOS-] INFO  o.eclipse.m2e.core.internal.Bundles - 	Entry: C:\Users\Yadnyesh\.p2\pool\plugins\org.eclipse.m2e.maven.runtime_3.9.900.20250220-2013\jars\maven-model-3.9.9.jar
2025-05-15 13:20:36,620 [Worker-43: Launching Executing install in D__Desktop_LOS-] INFO  o.eclipse.m2e.core.internal.Bundles - 	Entry: C:\Users\Yadnyesh\.p2\pool\plugins\org.eclipse.m2e.maven.runtime_3.9.900.20250220-2013\jars\maven-model-builder-3.9.9.jar
2025-05-15 13:20:36,620 [Worker-43: Launching Executing install in D__Desktop_LOS-] INFO  o.eclipse.m2e.core.internal.Bundles - 	Entry: C:\Users\Yadnyesh\.p2\pool\plugins\org.eclipse.m2e.maven.runtime_3.9.900.20250220-2013\jars\maven-plugin-api-3.9.9.jar
2025-05-15 13:20:36,620 [Worker-43: Launching Executing install in D__Desktop_LOS-] INFO  o.eclipse.m2e.core.internal.Bundles - 	Entry: C:\Users\Yadnyesh\.p2\pool\plugins\org.eclipse.m2e.maven.runtime_3.9.900.20250220-2013\jars\maven-repository-metadata-3.9.9.jar
2025-05-15 13:20:36,620 [Worker-43: Launching Executing install in D__Desktop_LOS-] INFO  o.eclipse.m2e.core.internal.Bundles - 	Entry: C:\Users\Yadnyesh\.p2\pool\plugins\org.eclipse.m2e.maven.runtime_3.9.900.20250220-2013\jars\maven-resolver-api-1.9.22.jar
2025-05-15 13:20:36,621 [Worker-43: Launching Executing install in D__Desktop_LOS-] INFO  o.eclipse.m2e.core.internal.Bundles - 	Entry: C:\Users\Yadnyesh\.p2\pool\plugins\org.eclipse.m2e.maven.runtime_3.9.900.20250220-2013\jars\maven-resolver-connector-basic-1.9.22.jar
2025-05-15 13:20:36,621 [Worker-43: Launching Executing install in D__Desktop_LOS-] INFO  o.eclipse.m2e.core.internal.Bundles - 	Entry: C:\Users\Yadnyesh\.p2\pool\plugins\org.eclipse.m2e.maven.runtime_3.9.900.20250220-2013\jars\maven-resolver-impl-1.9.22.jar
2025-05-15 13:20:36,621 [Worker-43: Launching Executing install in D__Desktop_LOS-] INFO  o.eclipse.m2e.core.internal.Bundles - 	Entry: C:\Users\Yadnyesh\.p2\pool\plugins\org.eclipse.m2e.maven.runtime_3.9.900.20250220-2013\jars\maven-resolver-named-locks-1.9.22.jar
2025-05-15 13:20:36,621 [Worker-43: Launching Executing install in D__Desktop_LOS-] INFO  o.eclipse.m2e.core.internal.Bundles - 	Entry: C:\Users\Yadnyesh\.p2\pool\plugins\org.eclipse.m2e.maven.runtime_3.9.900.20250220-2013\jars\maven-resolver-provider-3.9.9.jar
2025-05-15 13:20:36,621 [Worker-43: Launching Executing install in D__Desktop_LOS-] INFO  o.eclipse.m2e.core.internal.Bundles - 	Entry: C:\Users\Yadnyesh\.p2\pool\plugins\org.eclipse.m2e.maven.runtime_3.9.900.20250220-2013\jars\maven-resolver-spi-1.9.22.jar
2025-05-15 13:20:36,621 [Worker-43: Launching Executing install in D__Desktop_LOS-] INFO  o.eclipse.m2e.core.internal.Bundles - 	Entry: C:\Users\Yadnyesh\.p2\pool\plugins\org.eclipse.m2e.maven.runtime_3.9.900.20250220-2013\jars\maven-resolver-transport-file-1.9.22.jar
2025-05-15 13:20:36,621 [Worker-43: Launching Executing install in D__Desktop_LOS-] INFO  o.eclipse.m2e.core.internal.Bundles - 	Entry: C:\Users\Yadnyesh\.p2\pool\plugins\org.eclipse.m2e.maven.runtime_3.9.900.20250220-2013\jars\maven-resolver-transport-http-1.9.22.jar
2025-05-15 13:20:36,622 [Worker-43: Launching Executing install in D__Desktop_LOS-] INFO  o.eclipse.m2e.core.internal.Bundles - 	Entry: C:\Users\Yadnyesh\.p2\pool\plugins\org.eclipse.m2e.maven.runtime_3.9.900.20250220-2013\jars\maven-resolver-transport-wagon-1.9.22.jar
2025-05-15 13:20:36,622 [Worker-43: Launching Executing install in D__Desktop_LOS-] INFO  o.eclipse.m2e.core.internal.Bundles - 	Entry: C:\Users\Yadnyesh\.p2\pool\plugins\org.eclipse.m2e.maven.runtime_3.9.900.20250220-2013\jars\maven-resolver-util-1.9.22.jar
2025-05-15 13:20:36,622 [Worker-43: Launching Executing install in D__Desktop_LOS-] INFO  o.eclipse.m2e.core.internal.Bundles - 	Entry: C:\Users\Yadnyesh\.p2\pool\plugins\org.eclipse.m2e.maven.runtime_3.9.900.20250220-2013\jars\maven-settings-3.9.9.jar
2025-05-15 13:20:36,622 [Worker-43: Launching Executing install in D__Desktop_LOS-] INFO  o.eclipse.m2e.core.internal.Bundles - 	Entry: C:\Users\Yadnyesh\.p2\pool\plugins\org.eclipse.m2e.maven.runtime_3.9.900.20250220-2013\jars\maven-settings-builder-3.9.9.jar
2025-05-15 13:20:36,622 [Worker-43: Launching Executing install in D__Desktop_LOS-] INFO  o.eclipse.m2e.core.internal.Bundles - 	Entry: C:\Users\Yadnyesh\.p2\pool\plugins\org.eclipse.m2e.maven.runtime_3.9.900.20250220-2013\jars\maven-shared-utils-3.4.2.jar
2025-05-15 13:20:36,622 [Worker-43: Launching Executing install in D__Desktop_LOS-] INFO  o.eclipse.m2e.core.internal.Bundles - 	Entry: C:\Users\Yadnyesh\.p2\pool\plugins\org.eclipse.m2e.maven.runtime_3.9.900.20250220-2013\jars\org.eclipse.sisu.inject-0.9.0.M3.jar
2025-05-15 13:20:36,622 [Worker-43: Launching Executing install in D__Desktop_LOS-] INFO  o.eclipse.m2e.core.internal.Bundles - 	Entry: C:\Users\Yadnyesh\.p2\pool\plugins\org.eclipse.m2e.maven.runtime_3.9.900.20250220-2013\jars\org.eclipse.sisu.plexus-0.9.0.M3.jar
2025-05-15 13:20:36,623 [Worker-43: Launching Executing install in D__Desktop_LOS-] INFO  o.eclipse.m2e.core.internal.Bundles - 	Entry: C:\Users\Yadnyesh\.p2\pool\plugins\org.eclipse.m2e.maven.runtime_3.9.900.20250220-2013\jars\plexus-build-api-0.0.7.jar
2025-05-15 13:20:36,623 [Worker-43: Launching Executing install in D__Desktop_LOS-] INFO  o.eclipse.m2e.core.internal.Bundles - 	Entry: C:\Users\Yadnyesh\.p2\pool\plugins\org.eclipse.m2e.maven.runtime_3.9.900.20250220-2013\jars\plexus-build-api-1.2.0.jar
2025-05-15 13:20:36,623 [Worker-43: Launching Executing install in D__Desktop_LOS-] INFO  o.eclipse.m2e.core.internal.Bundles - 	Entry: C:\Users\Yadnyesh\.p2\pool\plugins\org.eclipse.m2e.maven.runtime_3.9.900.20250220-2013\jars\plexus-cipher-2.0.jar
2025-05-15 13:20:36,623 [Worker-43: Launching Executing install in D__Desktop_LOS-] INFO  o.eclipse.m2e.core.internal.Bundles - 	Entry: C:\Users\Yadnyesh\.p2\pool\plugins\org.eclipse.m2e.maven.runtime_3.9.900.20250220-2013\jars\plexus-classworlds-2.8.0.jar
2025-05-15 13:20:36,623 [Worker-43: Launching Executing install in D__Desktop_LOS-] INFO  o.eclipse.m2e.core.internal.Bundles - 	Entry: C:\Users\Yadnyesh\.p2\pool\plugins\org.eclipse.m2e.maven.runtime_3.9.900.20250220-2013\jars\plexus-component-annotations-2.1.0.jar
2025-05-15 13:20:36,623 [Worker-43: Launching Executing install in D__Desktop_LOS-] INFO  o.eclipse.m2e.core.internal.Bundles - 	Entry: C:\Users\Yadnyesh\.p2\pool\plugins\org.eclipse.m2e.maven.runtime_3.9.900.20250220-2013\jars\plexus-interpolation-1.27.jar
2025-05-15 13:20:36,624 [Worker-43: Launching Executing install in D__Desktop_LOS-] INFO  o.eclipse.m2e.core.internal.Bundles - 	Entry: C:\Users\Yadnyesh\.p2\pool\plugins\org.eclipse.m2e.maven.runtime_3.9.900.20250220-2013\jars\plexus-sec-dispatcher-2.0.jar
2025-05-15 13:20:36,624 [Worker-43: Launching Executing install in D__Desktop_LOS-] INFO  o.eclipse.m2e.core.internal.Bundles - 	Entry: C:\Users\Yadnyesh\.p2\pool\plugins\org.eclipse.m2e.maven.runtime_3.9.900.20250220-2013\jars\plexus-utils-3.5.1.jar
2025-05-15 13:20:36,624 [Worker-43: Launching Executing install in D__Desktop_LOS-] INFO  o.eclipse.m2e.core.internal.Bundles - 	Entry: C:\Users\Yadnyesh\.p2\pool\plugins\org.eclipse.m2e.maven.runtime_3.9.900.20250220-2013\jars\plexus-xml-3.0.1.jar
2025-05-15 13:20:36,624 [Worker-43: Launching Executing install in D__Desktop_LOS-] INFO  o.eclipse.m2e.core.internal.Bundles - 	Entry: C:\Users\Yadnyesh\.p2\pool\plugins\org.eclipse.m2e.maven.runtime_3.9.900.20250220-2013\jars\wagon-file-3.5.3.jar
2025-05-15 13:20:36,624 [Worker-43: Launching Executing install in D__Desktop_LOS-] INFO  o.eclipse.m2e.core.internal.Bundles - 	Entry: C:\Users\Yadnyesh\.p2\pool\plugins\org.eclipse.m2e.maven.runtime_3.9.900.20250220-2013\jars\wagon-http-3.5.3.jar
2025-05-15 13:20:36,624 [Worker-43: Launching Executing install in D__Desktop_LOS-] INFO  o.eclipse.m2e.core.internal.Bundles - 	Entry: C:\Users\Yadnyesh\.p2\pool\plugins\org.eclipse.m2e.maven.runtime_3.9.900.20250220-2013\jars\wagon-http-shared-3.5.3.jar
2025-05-15 13:20:36,624 [Worker-43: Launching Executing install in D__Desktop_LOS-] INFO  o.eclipse.m2e.core.internal.Bundles - 	Entry: C:\Users\Yadnyesh\.p2\pool\plugins\org.eclipse.m2e.maven.runtime_3.9.900.20250220-2013\jars\wagon-provider-api-3.5.3.jar
2025-05-15 13:20:36,625 [Worker-43: Launching Executing install in D__Desktop_LOS-] INFO  o.eclipse.m2e.core.internal.Bundles - getClasspathEntries(Bundle=com.google.guava_33.4.8.jre [1007])
2025-05-15 13:20:36,625 [Worker-43: Launching Executing install in D__Desktop_LOS-] INFO  o.eclipse.m2e.core.internal.Bundles - 	Entry: C:\Users\Yadnyesh\.p2\pool\plugins\com.google.guava_33.4.8.jre.jar
2025-05-15 13:20:36,625 [Worker-43: Launching Executing install in D__Desktop_LOS-] INFO  o.eclipse.m2e.core.internal.Bundles - getClasspathEntries(Bundle=slf4j.api_2.0.17 [1001])
2025-05-15 13:20:36,626 [Worker-43: Launching Executing install in D__Desktop_LOS-] INFO  o.eclipse.m2e.core.internal.Bundles - 	Entry: C:\Users\Yadnyesh\.p2\pool\plugins\slf4j.api_2.0.17.jar
2025-05-15 13:20:36,626 [Worker-43: Launching Executing install in D__Desktop_LOS-] INFO  o.eclipse.m2e.core.internal.Bundles - getClasspathEntries(Bundle=jakarta.inject.jakarta.inject-api_1.0.5 [34])
2025-05-15 13:20:36,626 [Worker-43: Launching Executing install in D__Desktop_LOS-] INFO  o.eclipse.m2e.core.internal.Bundles - 	Entry: C:\Users\Yadnyesh\.p2\pool\plugins\jakarta.inject.jakarta.inject-api_1.0.5.jar
2025-05-15 13:20:36,626 [Worker-43: Launching Executing install in D__Desktop_LOS-] INFO  o.eclipse.m2e.core.internal.Bundles - getClasspathEntries(Bundle=javax.annotation_1.3.5.v20200909-1856 [1012])
2025-05-15 13:20:36,627 [Worker-43: Launching Executing install in D__Desktop_LOS-] INFO  o.eclipse.m2e.core.internal.Bundles - 	Entry: C:\Users\Yadnyesh\.p2\pool\plugins\javax.annotation_1.3.5.v20200909-1856.jar
2025-05-15 13:20:36,627 [Worker-43: Launching Executing install in D__Desktop_LOS-] INFO  o.eclipse.m2e.core.internal.Bundles - getClasspathEntries(Bundle=org.apache.commons.cli_1.9.0 [74])
2025-05-15 13:20:36,628 [Worker-43: Launching Executing install in D__Desktop_LOS-] INFO  o.eclipse.m2e.core.internal.Bundles - 	Entry: C:\Users\Yadnyesh\.p2\pool\plugins\org.apache.commons.cli_1.9.0.jar
2025-05-15 13:20:36,628 [Worker-43: Launching Executing install in D__Desktop_LOS-] INFO  o.eclipse.m2e.core.internal.Bundles - getClasspathEntries(Bundle=org.apache.commons.commons-codec_1.16.0 [76])
2025-05-15 13:20:36,628 [Worker-43: Launching Executing install in D__Desktop_LOS-] INFO  o.eclipse.m2e.core.internal.Bundles - 	Entry: C:\Users\Yadnyesh\.p2\pool\plugins\org.apache.commons.commons-codec_1.16.0.jar
2025-05-15 13:20:36,628 [Worker-43: Launching Executing install in D__Desktop_LOS-] INFO  o.eclipse.m2e.core.internal.Bundles - getClasspathEntries(Bundle=com.google.guava.failureaccess_1.0.3 [1008])
2025-05-15 13:20:36,628 [Worker-43: Launching Executing install in D__Desktop_LOS-] INFO  o.eclipse.m2e.core.internal.Bundles - 	Entry: C:\Users\Yadnyesh\.p2\pool\plugins\com.google.guava.failureaccess_1.0.3.jar
2025-05-15 13:20:36,629 [Worker-43: Launching Executing install in D__Desktop_LOS-] INFO  o.e.m.i.launch.MavenLaunchDelegate - Run build in "D:\Desktop\LOS-":
2025-05-15 13:20:36,629 [Worker-43: Launching Executing install in D__Desktop_LOS-] INFO  o.e.m.i.launch.MavenLaunchDelegate -  mvn  -B -Dstyle.color=always install
2025-05-15 13:23:56,849 [Worker-38: Building] INFO  o.a.m.s.f.DefaultMavenResourcesFiltering - Copying 1 resource from src\main\resources to target\classes
2025-05-15 13:23:56,855 [Worker-38: Building] INFO  o.a.m.s.f.DefaultMavenResourcesFiltering - Copying 1 resource from src\main\resources to target\classes
2025-05-15 13:23:56,858 [Worker-38: Building] INFO  o.a.m.s.f.DefaultMavenResourcesFiltering - skip non existing resourceDirectory D:\Desktop\LOS-\src\test\resources
2025-05-15 14:49:22,655 [Worker-43: Building] INFO  o.a.m.s.f.DefaultMavenResourcesFiltering - Copying 1 resource from src\main\resources to target\classes
2025-05-15 14:49:22,664 [Worker-43: Building] INFO  o.a.m.s.f.DefaultMavenResourcesFiltering - Copying 1 resource from src\main\resources to target\classes
2025-05-15 14:49:22,667 [Worker-43: Building] INFO  o.a.m.s.f.DefaultMavenResourcesFiltering - skip non existing resourceDirectory D:\Desktop\LOS-\src\test\resources
2025-05-15 14:49:31,347 [Worker-49: Building] INFO  o.a.m.s.f.DefaultMavenResourcesFiltering - Copying 1 resource from src\main\resources to target\classes
2025-05-15 14:49:31,353 [Worker-49: Building] INFO  o.a.m.s.f.DefaultMavenResourcesFiltering - Copying 1 resource from src\main\resources to target\classes
2025-05-15 14:49:31,357 [Worker-49: Building] INFO  o.a.m.s.f.DefaultMavenResourcesFiltering - skip non existing resourceDirectory D:\Desktop\LOS-\src\test\resources
2025-05-15 14:49:35,225 [Worker-50: Building] INFO  o.a.m.s.f.DefaultMavenResourcesFiltering - Copying 1 resource from src\main\resources to target\classes
2025-05-15 14:49:35,234 [Worker-50: Building] INFO  o.a.m.s.f.DefaultMavenResourcesFiltering - Copying 1 resource from src\main\resources to target\classes
2025-05-15 14:49:35,236 [Worker-50: Building] INFO  o.a.m.s.f.DefaultMavenResourcesFiltering - skip non existing resourceDirectory D:\Desktop\LOS-\src\test\resources
2025-05-15 14:52:22,591 [Worker-43: Launching Executing install in D__Desktop_LOS-] INFO  o.eclipse.m2e.core.internal.Bundles - getClasspathEntries(Bundle=org.eclipse.m2e.maven.runtime_3.9.900.20250220-2013 [637])
2025-05-15 14:52:22,592 [Worker-43: Launching Executing install in D__Desktop_LOS-] INFO  o.eclipse.m2e.core.internal.Bundles - 	Entry: C:\Users\Yadnyesh\.p2\pool\plugins\org.eclipse.m2e.maven.runtime_3.9.900.20250220-2013
2025-05-15 14:52:22,593 [Worker-43: Launching Executing install in D__Desktop_LOS-] INFO  o.eclipse.m2e.core.internal.Bundles - 	Entry: C:\Users\Yadnyesh\.p2\pool\plugins\org.eclipse.m2e.maven.runtime_3.9.900.20250220-2013\jars\aopalliance-1.0.jar
2025-05-15 14:52:22,593 [Worker-43: Launching Executing install in D__Desktop_LOS-] INFO  o.eclipse.m2e.core.internal.Bundles - 	Entry: C:\Users\Yadnyesh\.p2\pool\plugins\org.eclipse.m2e.maven.runtime_3.9.900.20250220-2013\jars\guice-5.1.0.jar
2025-05-15 14:52:22,593 [Worker-43: Launching Executing install in D__Desktop_LOS-] INFO  o.eclipse.m2e.core.internal.Bundles - 	Entry: C:\Users\Yadnyesh\.p2\pool\plugins\org.eclipse.m2e.maven.runtime_3.9.900.20250220-2013\jars\httpclient-4.5.14.jar
2025-05-15 14:52:22,593 [Worker-43: Launching Executing install in D__Desktop_LOS-] INFO  o.eclipse.m2e.core.internal.Bundles - 	Entry: C:\Users\Yadnyesh\.p2\pool\plugins\org.eclipse.m2e.maven.runtime_3.9.900.20250220-2013\jars\httpcore-4.4.16.jar
2025-05-15 14:52:22,593 [Worker-43: Launching Executing install in D__Desktop_LOS-] INFO  o.eclipse.m2e.core.internal.Bundles - 	Entry: C:\Users\Yadnyesh\.p2\pool\plugins\org.eclipse.m2e.maven.runtime_3.9.900.20250220-2013\jars\jansi-2.4.1.jar
2025-05-15 14:52:22,594 [Worker-43: Launching Executing install in D__Desktop_LOS-] INFO  o.eclipse.m2e.core.internal.Bundles - 	Entry: C:\Users\Yadnyesh\.p2\pool\plugins\org.eclipse.m2e.maven.runtime_3.9.900.20250220-2013\jars\jcl-over-slf4j-1.7.36.jar
2025-05-15 14:52:22,594 [Worker-43: Launching Executing install in D__Desktop_LOS-] INFO  o.eclipse.m2e.core.internal.Bundles - 	Entry: C:\Users\Yadnyesh\.p2\pool\plugins\org.eclipse.m2e.maven.runtime_3.9.900.20250220-2013\jars\maven-artifact-3.9.9.jar
2025-05-15 14:52:22,594 [Worker-43: Launching Executing install in D__Desktop_LOS-] INFO  o.eclipse.m2e.core.internal.Bundles - 	Entry: C:\Users\Yadnyesh\.p2\pool\plugins\org.eclipse.m2e.maven.runtime_3.9.900.20250220-2013\jars\maven-builder-support-3.9.9.jar
2025-05-15 14:52:22,594 [Worker-43: Launching Executing install in D__Desktop_LOS-] INFO  o.eclipse.m2e.core.internal.Bundles - 	Entry: C:\Users\Yadnyesh\.p2\pool\plugins\org.eclipse.m2e.maven.runtime_3.9.900.20250220-2013\jars\maven-compat-3.9.9.jar
2025-05-15 14:52:22,596 [Worker-43: Launching Executing install in D__Desktop_LOS-] INFO  o.eclipse.m2e.core.internal.Bundles - 	Entry: C:\Users\Yadnyesh\.p2\pool\plugins\org.eclipse.m2e.maven.runtime_3.9.900.20250220-2013\jars\maven-core-3.9.9.jar
2025-05-15 14:52:22,596 [Worker-43: Launching Executing install in D__Desktop_LOS-] INFO  o.eclipse.m2e.core.internal.Bundles - 	Entry: C:\Users\Yadnyesh\.p2\pool\plugins\org.eclipse.m2e.maven.runtime_3.9.900.20250220-2013\jars\maven-embedder-3.9.9.jar
2025-05-15 14:52:22,596 [Worker-43: Launching Executing install in D__Desktop_LOS-] INFO  o.eclipse.m2e.core.internal.Bundles - 	Entry: C:\Users\Yadnyesh\.p2\pool\plugins\org.eclipse.m2e.maven.runtime_3.9.900.20250220-2013\jars\maven-model-3.9.9.jar
2025-05-15 14:52:22,597 [Worker-43: Launching Executing install in D__Desktop_LOS-] INFO  o.eclipse.m2e.core.internal.Bundles - 	Entry: C:\Users\Yadnyesh\.p2\pool\plugins\org.eclipse.m2e.maven.runtime_3.9.900.20250220-2013\jars\maven-model-builder-3.9.9.jar
2025-05-15 14:52:22,597 [Worker-43: Launching Executing install in D__Desktop_LOS-] INFO  o.eclipse.m2e.core.internal.Bundles - 	Entry: C:\Users\Yadnyesh\.p2\pool\plugins\org.eclipse.m2e.maven.runtime_3.9.900.20250220-2013\jars\maven-plugin-api-3.9.9.jar
2025-05-15 14:52:22,597 [Worker-43: Launching Executing install in D__Desktop_LOS-] INFO  o.eclipse.m2e.core.internal.Bundles - 	Entry: C:\Users\Yadnyesh\.p2\pool\plugins\org.eclipse.m2e.maven.runtime_3.9.900.20250220-2013\jars\maven-repository-metadata-3.9.9.jar
2025-05-15 14:52:22,597 [Worker-43: Launching Executing install in D__Desktop_LOS-] INFO  o.eclipse.m2e.core.internal.Bundles - 	Entry: C:\Users\Yadnyesh\.p2\pool\plugins\org.eclipse.m2e.maven.runtime_3.9.900.20250220-2013\jars\maven-resolver-api-1.9.22.jar
2025-05-15 14:52:22,597 [Worker-43: Launching Executing install in D__Desktop_LOS-] INFO  o.eclipse.m2e.core.internal.Bundles - 	Entry: C:\Users\Yadnyesh\.p2\pool\plugins\org.eclipse.m2e.maven.runtime_3.9.900.20250220-2013\jars\maven-resolver-connector-basic-1.9.22.jar
2025-05-15 14:52:22,597 [Worker-43: Launching Executing install in D__Desktop_LOS-] INFO  o.eclipse.m2e.core.internal.Bundles - 	Entry: C:\Users\Yadnyesh\.p2\pool\plugins\org.eclipse.m2e.maven.runtime_3.9.900.20250220-2013\jars\maven-resolver-impl-1.9.22.jar
2025-05-15 14:52:22,597 [Worker-43: Launching Executing install in D__Desktop_LOS-] INFO  o.eclipse.m2e.core.internal.Bundles - 	Entry: C:\Users\Yadnyesh\.p2\pool\plugins\org.eclipse.m2e.maven.runtime_3.9.900.20250220-2013\jars\maven-resolver-named-locks-1.9.22.jar
2025-05-15 14:52:22,598 [Worker-43: Launching Executing install in D__Desktop_LOS-] INFO  o.eclipse.m2e.core.internal.Bundles - 	Entry: C:\Users\Yadnyesh\.p2\pool\plugins\org.eclipse.m2e.maven.runtime_3.9.900.20250220-2013\jars\maven-resolver-provider-3.9.9.jar
2025-05-15 14:52:22,598 [Worker-43: Launching Executing install in D__Desktop_LOS-] INFO  o.eclipse.m2e.core.internal.Bundles - 	Entry: C:\Users\Yadnyesh\.p2\pool\plugins\org.eclipse.m2e.maven.runtime_3.9.900.20250220-2013\jars\maven-resolver-spi-1.9.22.jar
2025-05-15 14:52:22,598 [Worker-43: Launching Executing install in D__Desktop_LOS-] INFO  o.eclipse.m2e.core.internal.Bundles - 	Entry: C:\Users\Yadnyesh\.p2\pool\plugins\org.eclipse.m2e.maven.runtime_3.9.900.20250220-2013\jars\maven-resolver-transport-file-1.9.22.jar
2025-05-15 14:52:22,598 [Worker-43: Launching Executing install in D__Desktop_LOS-] INFO  o.eclipse.m2e.core.internal.Bundles - 	Entry: C:\Users\Yadnyesh\.p2\pool\plugins\org.eclipse.m2e.maven.runtime_3.9.900.20250220-2013\jars\maven-resolver-transport-http-1.9.22.jar
2025-05-15 14:52:22,598 [Worker-43: Launching Executing install in D__Desktop_LOS-] INFO  o.eclipse.m2e.core.internal.Bundles - 	Entry: C:\Users\Yadnyesh\.p2\pool\plugins\org.eclipse.m2e.maven.runtime_3.9.900.20250220-2013\jars\maven-resolver-transport-wagon-1.9.22.jar
2025-05-15 14:52:22,598 [Worker-43: Launching Executing install in D__Desktop_LOS-] INFO  o.eclipse.m2e.core.internal.Bundles - 	Entry: C:\Users\Yadnyesh\.p2\pool\plugins\org.eclipse.m2e.maven.runtime_3.9.900.20250220-2013\jars\maven-resolver-util-1.9.22.jar
2025-05-15 14:52:22,598 [Worker-43: Launching Executing install in D__Desktop_LOS-] INFO  o.eclipse.m2e.core.internal.Bundles - 	Entry: C:\Users\Yadnyesh\.p2\pool\plugins\org.eclipse.m2e.maven.runtime_3.9.900.20250220-2013\jars\maven-settings-3.9.9.jar
2025-05-15 14:52:22,599 [Worker-43: Launching Executing install in D__Desktop_LOS-] INFO  o.eclipse.m2e.core.internal.Bundles - 	Entry: C:\Users\Yadnyesh\.p2\pool\plugins\org.eclipse.m2e.maven.runtime_3.9.900.20250220-2013\jars\maven-settings-builder-3.9.9.jar
2025-05-15 14:52:22,599 [Worker-43: Launching Executing install in D__Desktop_LOS-] INFO  o.eclipse.m2e.core.internal.Bundles - 	Entry: C:\Users\Yadnyesh\.p2\pool\plugins\org.eclipse.m2e.maven.runtime_3.9.900.20250220-2013\jars\maven-shared-utils-3.4.2.jar
2025-05-15 14:52:22,599 [Worker-43: Launching Executing install in D__Desktop_LOS-] INFO  o.eclipse.m2e.core.internal.Bundles - 	Entry: C:\Users\Yadnyesh\.p2\pool\plugins\org.eclipse.m2e.maven.runtime_3.9.900.20250220-2013\jars\org.eclipse.sisu.inject-0.9.0.M3.jar
2025-05-15 14:52:22,599 [Worker-43: Launching Executing install in D__Desktop_LOS-] INFO  o.eclipse.m2e.core.internal.Bundles - 	Entry: C:\Users\Yadnyesh\.p2\pool\plugins\org.eclipse.m2e.maven.runtime_3.9.900.20250220-2013\jars\org.eclipse.sisu.plexus-0.9.0.M3.jar
2025-05-15 14:52:22,599 [Worker-43: Launching Executing install in D__Desktop_LOS-] INFO  o.eclipse.m2e.core.internal.Bundles - 	Entry: C:\Users\Yadnyesh\.p2\pool\plugins\org.eclipse.m2e.maven.runtime_3.9.900.20250220-2013\jars\plexus-build-api-0.0.7.jar
2025-05-15 14:52:22,599 [Worker-43: Launching Executing install in D__Desktop_LOS-] INFO  o.eclipse.m2e.core.internal.Bundles - 	Entry: C:\Users\Yadnyesh\.p2\pool\plugins\org.eclipse.m2e.maven.runtime_3.9.900.20250220-2013\jars\plexus-build-api-1.2.0.jar
2025-05-15 14:52:22,599 [Worker-43: Launching Executing install in D__Desktop_LOS-] INFO  o.eclipse.m2e.core.internal.Bundles - 	Entry: C:\Users\Yadnyesh\.p2\pool\plugins\org.eclipse.m2e.maven.runtime_3.9.900.20250220-2013\jars\plexus-cipher-2.0.jar
2025-05-15 14:52:22,600 [Worker-43: Launching Executing install in D__Desktop_LOS-] INFO  o.eclipse.m2e.core.internal.Bundles - 	Entry: C:\Users\Yadnyesh\.p2\pool\plugins\org.eclipse.m2e.maven.runtime_3.9.900.20250220-2013\jars\plexus-classworlds-2.8.0.jar
2025-05-15 14:52:22,600 [Worker-43: Launching Executing install in D__Desktop_LOS-] INFO  o.eclipse.m2e.core.internal.Bundles - 	Entry: C:\Users\Yadnyesh\.p2\pool\plugins\org.eclipse.m2e.maven.runtime_3.9.900.20250220-2013\jars\plexus-component-annotations-2.1.0.jar
2025-05-15 14:52:22,600 [Worker-43: Launching Executing install in D__Desktop_LOS-] INFO  o.eclipse.m2e.core.internal.Bundles - 	Entry: C:\Users\Yadnyesh\.p2\pool\plugins\org.eclipse.m2e.maven.runtime_3.9.900.20250220-2013\jars\plexus-interpolation-1.27.jar
2025-05-15 14:52:22,600 [Worker-43: Launching Executing install in D__Desktop_LOS-] INFO  o.eclipse.m2e.core.internal.Bundles - 	Entry: C:\Users\Yadnyesh\.p2\pool\plugins\org.eclipse.m2e.maven.runtime_3.9.900.20250220-2013\jars\plexus-sec-dispatcher-2.0.jar
2025-05-15 14:52:22,600 [Worker-43: Launching Executing install in D__Desktop_LOS-] INFO  o.eclipse.m2e.core.internal.Bundles - 	Entry: C:\Users\Yadnyesh\.p2\pool\plugins\org.eclipse.m2e.maven.runtime_3.9.900.20250220-2013\jars\plexus-utils-3.5.1.jar
2025-05-15 14:52:22,600 [Worker-43: Launching Executing install in D__Desktop_LOS-] INFO  o.eclipse.m2e.core.internal.Bundles - 	Entry: C:\Users\Yadnyesh\.p2\pool\plugins\org.eclipse.m2e.maven.runtime_3.9.900.20250220-2013\jars\plexus-xml-3.0.1.jar
2025-05-15 14:52:22,600 [Worker-43: Launching Executing install in D__Desktop_LOS-] INFO  o.eclipse.m2e.core.internal.Bundles - 	Entry: C:\Users\Yadnyesh\.p2\pool\plugins\org.eclipse.m2e.maven.runtime_3.9.900.20250220-2013\jars\wagon-file-3.5.3.jar
2025-05-15 14:52:22,601 [Worker-43: Launching Executing install in D__Desktop_LOS-] INFO  o.eclipse.m2e.core.internal.Bundles - 	Entry: C:\Users\Yadnyesh\.p2\pool\plugins\org.eclipse.m2e.maven.runtime_3.9.900.20250220-2013\jars\wagon-http-3.5.3.jar
2025-05-15 14:52:22,601 [Worker-43: Launching Executing install in D__Desktop_LOS-] INFO  o.eclipse.m2e.core.internal.Bundles - 	Entry: C:\Users\Yadnyesh\.p2\pool\plugins\org.eclipse.m2e.maven.runtime_3.9.900.20250220-2013\jars\wagon-http-shared-3.5.3.jar
2025-05-15 14:52:22,601 [Worker-43: Launching Executing install in D__Desktop_LOS-] INFO  o.eclipse.m2e.core.internal.Bundles - 	Entry: C:\Users\Yadnyesh\.p2\pool\plugins\org.eclipse.m2e.maven.runtime_3.9.900.20250220-2013\jars\wagon-provider-api-3.5.3.jar
2025-05-15 14:52:22,601 [Worker-43: Launching Executing install in D__Desktop_LOS-] INFO  o.eclipse.m2e.core.internal.Bundles - getClasspathEntries(Bundle=com.google.guava_33.4.8.jre [1007])
2025-05-15 14:52:22,602 [Worker-43: Launching Executing install in D__Desktop_LOS-] INFO  o.eclipse.m2e.core.internal.Bundles - 	Entry: C:\Users\Yadnyesh\.p2\pool\plugins\com.google.guava_33.4.8.jre.jar
2025-05-15 14:52:22,603 [Worker-43: Launching Executing install in D__Desktop_LOS-] INFO  o.eclipse.m2e.core.internal.Bundles - getClasspathEntries(Bundle=slf4j.api_2.0.17 [1001])
2025-05-15 14:52:22,603 [Worker-43: Launching Executing install in D__Desktop_LOS-] INFO  o.eclipse.m2e.core.internal.Bundles - 	Entry: C:\Users\Yadnyesh\.p2\pool\plugins\slf4j.api_2.0.17.jar
2025-05-15 14:52:22,603 [Worker-43: Launching Executing install in D__Desktop_LOS-] INFO  o.eclipse.m2e.core.internal.Bundles - getClasspathEntries(Bundle=jakarta.inject.jakarta.inject-api_1.0.5 [34])
2025-05-15 14:52:22,605 [Worker-43: Launching Executing install in D__Desktop_LOS-] INFO  o.eclipse.m2e.core.internal.Bundles - 	Entry: C:\Users\Yadnyesh\.p2\pool\plugins\jakarta.inject.jakarta.inject-api_1.0.5.jar
2025-05-15 14:52:22,605 [Worker-43: Launching Executing install in D__Desktop_LOS-] INFO  o.eclipse.m2e.core.internal.Bundles - getClasspathEntries(Bundle=javax.annotation_1.3.5.v20200909-1856 [1012])
2025-05-15 14:52:22,606 [Worker-43: Launching Executing install in D__Desktop_LOS-] INFO  o.eclipse.m2e.core.internal.Bundles - 	Entry: C:\Users\Yadnyesh\.p2\pool\plugins\javax.annotation_1.3.5.v20200909-1856.jar
2025-05-15 14:52:22,606 [Worker-43: Launching Executing install in D__Desktop_LOS-] INFO  o.eclipse.m2e.core.internal.Bundles - getClasspathEntries(Bundle=org.apache.commons.cli_1.9.0 [74])
2025-05-15 14:52:22,607 [Worker-43: Launching Executing install in D__Desktop_LOS-] INFO  o.eclipse.m2e.core.internal.Bundles - 	Entry: C:\Users\Yadnyesh\.p2\pool\plugins\org.apache.commons.cli_1.9.0.jar
2025-05-15 14:52:22,607 [Worker-43: Launching Executing install in D__Desktop_LOS-] INFO  o.eclipse.m2e.core.internal.Bundles - getClasspathEntries(Bundle=org.apache.commons.commons-codec_1.16.0 [76])
2025-05-15 14:52:22,608 [Worker-43: Launching Executing install in D__Desktop_LOS-] INFO  o.eclipse.m2e.core.internal.Bundles - 	Entry: C:\Users\Yadnyesh\.p2\pool\plugins\org.apache.commons.commons-codec_1.16.0.jar
2025-05-15 14:52:22,608 [Worker-43: Launching Executing install in D__Desktop_LOS-] INFO  o.eclipse.m2e.core.internal.Bundles - getClasspathEntries(Bundle=com.google.guava.failureaccess_1.0.3 [1008])
2025-05-15 14:52:22,608 [Worker-43: Launching Executing install in D__Desktop_LOS-] INFO  o.eclipse.m2e.core.internal.Bundles - 	Entry: C:\Users\Yadnyesh\.p2\pool\plugins\com.google.guava.failureaccess_1.0.3.jar
2025-05-15 14:52:22,609 [Worker-43: Launching Executing install in D__Desktop_LOS-] INFO  o.e.m.i.launch.MavenLaunchDelegate - Run build in "D:\Desktop\LOS-":
2025-05-15 14:52:22,609 [Worker-43: Launching Executing install in D__Desktop_LOS-] INFO  o.e.m.i.launch.MavenLaunchDelegate -  mvn  -B -Dstyle.color=always install
2025-05-15 15:04:30,419 [Worker-49: Building] INFO  o.a.m.s.f.DefaultMavenResourcesFiltering - Copying 1 resource from src\main\resources to target\classes
2025-05-15 15:04:30,439 [Worker-49: Building] INFO  o.a.m.s.f.DefaultMavenResourcesFiltering - Copying 0 resource from src\main\resources to target\classes
2025-05-15 15:04:30,441 [Worker-49: Building] INFO  o.a.m.s.f.DefaultMavenResourcesFiltering - skip non existing resourceDirectory D:\Desktop\LOS-\src\test\resources
2025-05-15 15:35:51,291 [Worker-50: Building] INFO  o.a.m.s.f.DefaultMavenResourcesFiltering - Copying 1 resource from src\main\resources to target\classes
2025-05-15 15:35:51,329 [Worker-50: Building] INFO  o.a.m.s.f.DefaultMavenResourcesFiltering - Copying 1 resource from src\main\resources to target\classes
2025-05-15 15:35:51,349 [Worker-50: Building] INFO  o.a.m.s.f.DefaultMavenResourcesFiltering - skip non existing resourceDirectory D:\Desktop\LOS-\src\test\resources
2025-05-15 16:30:06,620 [Worker-54: Building] INFO  o.a.m.s.f.DefaultMavenResourcesFiltering - Copying 1 resource from src\main\resources to target\classes
2025-05-15 16:30:06,646 [Worker-54: Building] INFO  o.a.m.s.f.DefaultMavenResourcesFiltering - Copying 1 resource from src\main\resources to target\classes
2025-05-15 16:30:06,649 [Worker-54: Building] INFO  o.a.m.s.f.DefaultMavenResourcesFiltering - skip non existing resourceDirectory D:\Desktop\LOS-\src\test\resources
2025-05-15 17:51:39,741 [Worker-52: Launching LOS- - BankLoanApplication] INFO  o.a.m.s.f.DefaultMavenResourcesFiltering - Copying 1 resource from src\main\resources to target\classes
2025-05-15 17:51:39,832 [Worker-52: Launching LOS- - BankLoanApplication] INFO  o.a.m.s.f.DefaultMavenResourcesFiltering - Copying 1 resource from src\main\resources to target\classes
2025-05-15 17:51:39,834 [Worker-52: Launching LOS- - BankLoanApplication] INFO  o.a.m.s.f.DefaultMavenResourcesFiltering - skip non existing resourceDirectory D:\Desktop\LOS-\src\test\resources
2025-05-16 10:08:27,285 [Worker-2: Loading available Gradle versions] INFO  o.e.b.c.i.u.g.PublishedGradleVersions - Gradle version information cache is up-to-date. Trying to read.
2025-05-16 11:57:35,752 [Worker-17: Building] INFO  o.a.m.s.f.DefaultMavenResourcesFiltering - Copying 1 resource from src\main\resources to target\classes
2025-05-16 11:57:35,787 [Worker-17: Building] INFO  o.a.m.s.f.DefaultMavenResourcesFiltering - Copying 1 resource from src\main\resources to target\classes
2025-05-16 11:57:35,794 [Worker-17: Building] INFO  o.a.m.s.f.DefaultMavenResourcesFiltering - skip non existing resourceDirectory D:\Desktop\LOS-\src\test\resources
2025-05-16 12:07:59,924 [Worker-17: Building] INFO  o.a.m.s.f.DefaultMavenResourcesFiltering - Copying 1 resource from src\main\resources to target\classes
2025-05-16 12:07:59,939 [Worker-17: Building] INFO  o.a.m.s.f.DefaultMavenResourcesFiltering - Copying 1 resource from src\main\resources to target\classes
2025-05-16 12:07:59,942 [Worker-17: Building] INFO  o.a.m.s.f.DefaultMavenResourcesFiltering - skip non existing resourceDirectory D:\Desktop\LOS-\src\test\resources
2025-05-16 12:11:52,116 [Worker-19: Building] INFO  o.a.m.s.f.DefaultMavenResourcesFiltering - Copying 1 resource from src\main\resources to target\classes
2025-05-16 12:11:52,122 [Worker-19: Building] INFO  o.a.m.s.f.DefaultMavenResourcesFiltering - Copying 1 resource from src\main\resources to target\classes
2025-05-16 12:11:52,125 [Worker-19: Building] INFO  o.a.m.s.f.DefaultMavenResourcesFiltering - skip non existing resourceDirectory D:\Desktop\LOS-\src\test\resources
2025-05-16 12:12:35,062 [Worker-18: Building] INFO  o.a.m.s.f.DefaultMavenResourcesFiltering - Copying 1 resource from src\main\resources to target\classes
2025-05-16 12:12:35,071 [Worker-18: Building] INFO  o.a.m.s.f.DefaultMavenResourcesFiltering - Copying 1 resource from src\main\resources to target\classes
2025-05-16 12:12:35,076 [Worker-18: Building] INFO  o.a.m.s.f.DefaultMavenResourcesFiltering - skip non existing resourceDirectory D:\Desktop\LOS-\src\test\resources
2025-05-16 12:13:48,718 [Worker-22: Building] INFO  o.a.m.s.f.DefaultMavenResourcesFiltering - Copying 1 resource from src\main\resources to target\classes
2025-05-16 12:13:48,728 [Worker-22: Building] INFO  o.a.m.s.f.DefaultMavenResourcesFiltering - Copying 1 resource from src\main\resources to target\classes
2025-05-16 12:13:48,733 [Worker-22: Building] INFO  o.a.m.s.f.DefaultMavenResourcesFiltering - skip non existing resourceDirectory D:\Desktop\LOS-\src\test\resources
2025-05-16 12:14:18,403 [Worker-18: Building] INFO  o.a.m.s.f.DefaultMavenResourcesFiltering - Copying 1 resource from src\main\resources to target\classes
2025-05-16 12:14:18,410 [Worker-18: Building] INFO  o.a.m.s.f.DefaultMavenResourcesFiltering - Copying 1 resource from src\main\resources to target\classes
2025-05-16 12:14:18,413 [Worker-18: Building] INFO  o.a.m.s.f.DefaultMavenResourcesFiltering - skip non existing resourceDirectory D:\Desktop\LOS-\src\test\resources
2025-05-16 12:15:51,479 [Worker-19: Building] INFO  o.a.m.s.f.DefaultMavenResourcesFiltering - Copying 1 resource from src\main\resources to target\classes
2025-05-16 12:15:51,487 [Worker-19: Building] INFO  o.a.m.s.f.DefaultMavenResourcesFiltering - Copying 1 resource from src\main\resources to target\classes
2025-05-16 12:15:51,491 [Worker-19: Building] INFO  o.a.m.s.f.DefaultMavenResourcesFiltering - skip non existing resourceDirectory D:\Desktop\LOS-\src\test\resources
2025-05-16 13:02:31,143 [Worker-19: Building] INFO  o.a.m.s.f.DefaultMavenResourcesFiltering - Copying 1 resource from src\main\resources to target\classes
2025-05-16 13:02:31,159 [Worker-19: Building] INFO  o.a.m.s.f.DefaultMavenResourcesFiltering - Copying 1 resource from src\main\resources to target\classes
2025-05-16 13:02:31,163 [Worker-19: Building] INFO  o.a.m.s.f.DefaultMavenResourcesFiltering - skip non existing resourceDirectory D:\Desktop\LOS-\src\test\resources
2025-05-16 13:13:51,986 [Worker-4: Building] INFO  o.a.m.s.f.DefaultMavenResourcesFiltering - Copying 1 resource from src\main\resources to target\classes
2025-05-16 13:13:52,009 [Worker-4: Building] INFO  o.a.m.s.f.DefaultMavenResourcesFiltering - Copying 1 resource from src\main\resources to target\classes
2025-05-16 13:13:52,054 [Worker-4: Building] INFO  o.a.m.s.f.DefaultMavenResourcesFiltering - skip non existing resourceDirectory D:\Desktop\LOS-\src\test\resources
2025-05-16 13:14:09,218 [Worker-24: Building] INFO  o.a.m.s.f.DefaultMavenResourcesFiltering - Copying 1 resource from src\main\resources to target\classes
2025-05-16 13:14:09,225 [Worker-24: Building] INFO  o.a.m.s.f.DefaultMavenResourcesFiltering - Copying 1 resource from src\main\resources to target\classes
2025-05-16 13:14:09,233 [Worker-24: Building] INFO  o.a.m.s.f.DefaultMavenResourcesFiltering - skip non existing resourceDirectory D:\Desktop\LOS-\src\test\resources
2025-05-16 13:14:26,288 [Worker-4: Building] INFO  o.a.m.s.f.DefaultMavenResourcesFiltering - Copying 1 resource from src\main\resources to target\classes
2025-05-16 13:14:26,294 [Worker-4: Building] INFO  o.a.m.s.f.DefaultMavenResourcesFiltering - Copying 1 resource from src\main\resources to target\classes
2025-05-16 13:14:26,298 [Worker-4: Building] INFO  o.a.m.s.f.DefaultMavenResourcesFiltering - skip non existing resourceDirectory D:\Desktop\LOS-\src\test\resources
2025-05-16 13:19:19,315 [Worker-19: Building] INFO  o.a.m.s.f.DefaultMavenResourcesFiltering - Copying 1 resource from src\main\resources to target\classes
2025-05-16 13:19:19,321 [Worker-19: Building] INFO  o.a.m.s.f.DefaultMavenResourcesFiltering - Copying 1 resource from src\main\resources to target\classes
2025-05-16 13:19:19,324 [Worker-19: Building] INFO  o.a.m.s.f.DefaultMavenResourcesFiltering - skip non existing resourceDirectory D:\Desktop\LOS-\src\test\resources
2025-05-16 13:26:27,801 [Worker-19: Building] INFO  o.a.m.s.f.DefaultMavenResourcesFiltering - Copying 1 resource from src\main\resources to target\classes
2025-05-16 13:26:27,809 [Worker-19: Building] INFO  o.a.m.s.f.DefaultMavenResourcesFiltering - Copying 1 resource from src\main\resources to target\classes
2025-05-16 13:26:27,813 [Worker-19: Building] INFO  o.a.m.s.f.DefaultMavenResourcesFiltering - skip non existing resourceDirectory D:\Desktop\LOS-\src\test\resources
2025-05-16 13:29:59,557 [Worker-25: Building] INFO  o.a.m.s.f.DefaultMavenResourcesFiltering - Copying 1 resource from src\main\resources to target\classes
2025-05-16 13:29:59,565 [Worker-25: Building] INFO  o.a.m.s.f.DefaultMavenResourcesFiltering - Copying 1 resource from src\main\resources to target\classes
2025-05-16 13:29:59,568 [Worker-25: Building] INFO  o.a.m.s.f.DefaultMavenResourcesFiltering - skip non existing resourceDirectory D:\Desktop\LOS-\src\test\resources
2025-05-16 13:33:39,342 [Worker-19: Building] INFO  o.a.m.s.f.DefaultMavenResourcesFiltering - Copying 1 resource from src\main\resources to target\classes
2025-05-16 13:33:39,348 [Worker-19: Building] INFO  o.a.m.s.f.DefaultMavenResourcesFiltering - Copying 1 resource from src\main\resources to target\classes
2025-05-16 13:33:39,352 [Worker-19: Building] INFO  o.a.m.s.f.DefaultMavenResourcesFiltering - skip non existing resourceDirectory D:\Desktop\LOS-\src\test\resources
2025-05-16 13:34:54,700 [Worker-26: Building] INFO  o.a.m.s.f.DefaultMavenResourcesFiltering - Copying 1 resource from src\main\resources to target\classes
2025-05-16 13:34:54,707 [Worker-26: Building] INFO  o.a.m.s.f.DefaultMavenResourcesFiltering - Copying 1 resource from src\main\resources to target\classes
2025-05-16 13:34:54,710 [Worker-26: Building] INFO  o.a.m.s.f.DefaultMavenResourcesFiltering - skip non existing resourceDirectory D:\Desktop\LOS-\src\test\resources
2025-05-16 13:35:35,567 [Worker-22: Building] INFO  o.a.m.s.f.DefaultMavenResourcesFiltering - Copying 1 resource from src\main\resources to target\classes
2025-05-16 13:35:35,573 [Worker-22: Building] INFO  o.a.m.s.f.DefaultMavenResourcesFiltering - Copying 1 resource from src\main\resources to target\classes
2025-05-16 13:35:35,578 [Worker-22: Building] INFO  o.a.m.s.f.DefaultMavenResourcesFiltering - skip non existing resourceDirectory D:\Desktop\LOS-\src\test\resources
2025-05-16 13:35:41,993 [Worker-19: Building] INFO  o.a.m.s.f.DefaultMavenResourcesFiltering - Copying 1 resource from src\main\resources to target\classes
2025-05-16 13:35:41,998 [Worker-19: Building] INFO  o.a.m.s.f.DefaultMavenResourcesFiltering - Copying 1 resource from src\main\resources to target\classes
2025-05-16 13:35:42,002 [Worker-19: Building] INFO  o.a.m.s.f.DefaultMavenResourcesFiltering - skip non existing resourceDirectory D:\Desktop\LOS-\src\test\resources
2025-05-16 13:35:58,195 [Worker-21: Building] INFO  o.a.m.s.f.DefaultMavenResourcesFiltering - Copying 1 resource from src\main\resources to target\classes
2025-05-16 13:35:58,202 [Worker-21: Building] INFO  o.a.m.s.f.DefaultMavenResourcesFiltering - Copying 1 resource from src\main\resources to target\classes
2025-05-16 13:35:58,207 [Worker-21: Building] INFO  o.a.m.s.f.DefaultMavenResourcesFiltering - skip non existing resourceDirectory D:\Desktop\LOS-\src\test\resources
2025-05-16 13:36:04,393 [Worker-25: Building] INFO  o.a.m.s.f.DefaultMavenResourcesFiltering - Copying 1 resource from src\main\resources to target\classes
2025-05-16 13:36:04,399 [Worker-25: Building] INFO  o.a.m.s.f.DefaultMavenResourcesFiltering - Copying 1 resource from src\main\resources to target\classes
2025-05-16 13:36:04,402 [Worker-25: Building] INFO  o.a.m.s.f.DefaultMavenResourcesFiltering - skip non existing resourceDirectory D:\Desktop\LOS-\src\test\resources
2025-05-16 13:36:48,077 [Worker-22: Building] INFO  o.a.m.s.f.DefaultMavenResourcesFiltering - Copying 1 resource from src\main\resources to target\classes
2025-05-16 13:36:48,084 [Worker-22: Building] INFO  o.a.m.s.f.DefaultMavenResourcesFiltering - Copying 1 resource from src\main\resources to target\classes
2025-05-16 13:36:48,087 [Worker-22: Building] INFO  o.a.m.s.f.DefaultMavenResourcesFiltering - skip non existing resourceDirectory D:\Desktop\LOS-\src\test\resources
2025-05-16 13:36:55,131 [Worker-25: Building] INFO  o.a.m.s.f.DefaultMavenResourcesFiltering - Copying 1 resource from src\main\resources to target\classes
2025-05-16 13:36:55,137 [Worker-25: Building] INFO  o.a.m.s.f.DefaultMavenResourcesFiltering - Copying 1 resource from src\main\resources to target\classes
2025-05-16 13:36:55,141 [Worker-25: Building] INFO  o.a.m.s.f.DefaultMavenResourcesFiltering - skip non existing resourceDirectory D:\Desktop\LOS-\src\test\resources
2025-05-16 13:37:04,516 [Worker-24: Building] INFO  o.a.m.s.f.DefaultMavenResourcesFiltering - Copying 1 resource from src\main\resources to target\classes
2025-05-16 13:37:04,524 [Worker-24: Building] INFO  o.a.m.s.f.DefaultMavenResourcesFiltering - Copying 1 resource from src\main\resources to target\classes
2025-05-16 13:37:04,527 [Worker-24: Building] INFO  o.a.m.s.f.DefaultMavenResourcesFiltering - skip non existing resourceDirectory D:\Desktop\LOS-\src\test\resources
2025-05-16 14:38:21,734 [Worker-28: Building] INFO  o.a.m.s.f.DefaultMavenResourcesFiltering - Copying 0 resource from src\main\resources to target\classes
2025-05-16 14:38:21,735 [Worker-28: Building] INFO  o.a.m.s.f.DefaultMavenResourcesFiltering - Copying 0 resource from src\main\resources to target\classes
2025-05-16 14:38:21,738 [Worker-28: Building] INFO  o.a.m.s.f.DefaultMavenResourcesFiltering - skip non existing resourceDirectory D:\Desktop\LOS-\src\test\resources
2025-05-16 14:38:45,323 [Worker-30: Building] INFO  o.a.m.s.f.DefaultMavenResourcesFiltering - Copying 1 resource from src\main\resources to target\classes
2025-05-16 14:38:45,331 [Worker-30: Building] INFO  o.a.m.s.f.DefaultMavenResourcesFiltering - Copying 1 resource from src\main\resources to target\classes
2025-05-16 14:38:45,335 [Worker-30: Building] INFO  o.a.m.s.f.DefaultMavenResourcesFiltering - skip non existing resourceDirectory D:\Desktop\LOS-\src\test\resources
2025-05-16 14:39:24,802 [Worker-25: Building] INFO  o.a.m.s.f.DefaultMavenResourcesFiltering - Copying 1 resource from src\main\resources to target\classes
2025-05-16 14:39:24,809 [Worker-25: Building] INFO  o.a.m.s.f.DefaultMavenResourcesFiltering - Copying 1 resource from src\main\resources to target\classes
2025-05-16 14:39:24,813 [Worker-25: Building] INFO  o.a.m.s.f.DefaultMavenResourcesFiltering - skip non existing resourceDirectory D:\Desktop\LOS-\src\test\resources
2025-05-16 14:40:15,662 [Worker-28: Building] INFO  o.a.m.s.f.DefaultMavenResourcesFiltering - Copying 0 resource from src\main\resources to target\classes
2025-05-16 14:40:15,662 [Worker-28: Building] INFO  o.a.m.s.f.DefaultMavenResourcesFiltering - Copying 0 resource from src\main\resources to target\classes
2025-05-16 14:40:15,667 [Worker-28: Building] INFO  o.a.m.s.f.DefaultMavenResourcesFiltering - skip non existing resourceDirectory D:\Desktop\LOS-\src\test\resources
2025-05-16 14:40:32,249 [Worker-19: Building] INFO  o.a.m.s.f.DefaultMavenResourcesFiltering - Copying 1 resource from src\main\resources to target\classes
2025-05-16 14:40:32,260 [Worker-19: Building] INFO  o.a.m.s.f.DefaultMavenResourcesFiltering - Copying 1 resource from src\main\resources to target\classes
2025-05-16 14:40:32,266 [Worker-19: Building] INFO  o.a.m.s.f.DefaultMavenResourcesFiltering - skip non existing resourceDirectory D:\Desktop\LOS-\src\test\resources
2025-05-16 14:41:00,933 [Worker-30: Building] INFO  o.a.m.s.f.DefaultMavenResourcesFiltering - Copying 1 resource from src\main\resources to target\classes
2025-05-16 14:41:00,941 [Worker-30: Building] INFO  o.a.m.s.f.DefaultMavenResourcesFiltering - Copying 1 resource from src\main\resources to target\classes
2025-05-16 14:41:00,944 [Worker-30: Building] INFO  o.a.m.s.f.DefaultMavenResourcesFiltering - skip non existing resourceDirectory D:\Desktop\LOS-\src\test\resources
2025-05-16 14:41:48,583 [Worker-31: Building] INFO  o.a.m.s.f.DefaultMavenResourcesFiltering - Copying 0 resource from src\main\resources to target\classes
2025-05-16 14:41:48,584 [Worker-31: Building] INFO  o.a.m.s.f.DefaultMavenResourcesFiltering - Copying 0 resource from src\main\resources to target\classes
2025-05-16 14:41:48,587 [Worker-31: Building] INFO  o.a.m.s.f.DefaultMavenResourcesFiltering - skip non existing resourceDirectory D:\Desktop\LOS-\src\test\resources
2025-05-16 14:42:00,208 [Worker-29: Building] INFO  o.a.m.s.f.DefaultMavenResourcesFiltering - Copying 1 resource from src\main\resources to target\classes
2025-05-16 14:42:00,213 [Worker-29: Building] INFO  o.a.m.s.f.DefaultMavenResourcesFiltering - Copying 1 resource from src\main\resources to target\classes
2025-05-16 14:42:00,216 [Worker-29: Building] INFO  o.a.m.s.f.DefaultMavenResourcesFiltering - skip non existing resourceDirectory D:\Desktop\LOS-\src\test\resources
2025-05-16 14:42:49,702 [Worker-32: Building] INFO  o.a.m.s.f.DefaultMavenResourcesFiltering - Copying 0 resource from src\main\resources to target\classes
2025-05-16 14:42:49,703 [Worker-32: Building] INFO  o.a.m.s.f.DefaultMavenResourcesFiltering - Copying 0 resource from src\main\resources to target\classes
2025-05-16 14:42:49,706 [Worker-32: Building] INFO  o.a.m.s.f.DefaultMavenResourcesFiltering - skip non existing resourceDirectory D:\Desktop\LOS-\src\test\resources
2025-05-16 14:43:02,507 [Worker-31: Building] INFO  o.a.m.s.f.DefaultMavenResourcesFiltering - Copying 1 resource from src\main\resources to target\classes
2025-05-16 14:43:02,513 [Worker-31: Building] INFO  o.a.m.s.f.DefaultMavenResourcesFiltering - Copying 1 resource from src\main\resources to target\classes
2025-05-16 14:43:02,516 [Worker-31: Building] INFO  o.a.m.s.f.DefaultMavenResourcesFiltering - skip non existing resourceDirectory D:\Desktop\LOS-\src\test\resources
2025-05-16 14:43:40,445 [Worker-32: Building] INFO  o.a.m.s.f.DefaultMavenResourcesFiltering - Copying 1 resource from src\main\resources to target\classes
2025-05-16 14:43:40,451 [Worker-32: Building] INFO  o.a.m.s.f.DefaultMavenResourcesFiltering - Copying 1 resource from src\main\resources to target\classes
2025-05-16 14:43:40,454 [Worker-32: Building] INFO  o.a.m.s.f.DefaultMavenResourcesFiltering - skip non existing resourceDirectory D:\Desktop\LOS-\src\test\resources
2025-05-16 14:44:01,787 [Worker-19: Building] INFO  o.a.m.s.f.DefaultMavenResourcesFiltering - Copying 1 resource from src\main\resources to target\classes
2025-05-16 14:44:01,793 [Worker-19: Building] INFO  o.a.m.s.f.DefaultMavenResourcesFiltering - Copying 1 resource from src\main\resources to target\classes
2025-05-16 14:44:01,796 [Worker-19: Building] INFO  o.a.m.s.f.DefaultMavenResourcesFiltering - skip non existing resourceDirectory D:\Desktop\LOS-\src\test\resources
2025-05-16 14:44:54,812 [Worker-29: Building] INFO  o.a.m.s.f.DefaultMavenResourcesFiltering - Copying 0 resource from src\main\resources to target\classes
2025-05-16 14:44:54,812 [Worker-29: Building] INFO  o.a.m.s.f.DefaultMavenResourcesFiltering - Copying 0 resource from src\main\resources to target\classes
2025-05-16 14:44:54,815 [Worker-29: Building] INFO  o.a.m.s.f.DefaultMavenResourcesFiltering - skip non existing resourceDirectory D:\Desktop\LOS-\src\test\resources
2025-05-16 14:45:05,297 [Worker-32: Building] INFO  o.a.m.s.f.DefaultMavenResourcesFiltering - Copying 1 resource from src\main\resources to target\classes
2025-05-16 14:45:05,303 [Worker-32: Building] INFO  o.a.m.s.f.DefaultMavenResourcesFiltering - Copying 1 resource from src\main\resources to target\classes
2025-05-16 14:45:05,307 [Worker-32: Building] INFO  o.a.m.s.f.DefaultMavenResourcesFiltering - skip non existing resourceDirectory D:\Desktop\LOS-\src\test\resources
2025-05-16 14:46:19,570 [Worker-32: Building] INFO  o.a.m.s.f.DefaultMavenResourcesFiltering - Copying 1 resource from src\main\resources to target\classes
2025-05-16 14:46:19,576 [Worker-32: Building] INFO  o.a.m.s.f.DefaultMavenResourcesFiltering - Copying 1 resource from src\main\resources to target\classes
2025-05-16 14:46:19,579 [Worker-32: Building] INFO  o.a.m.s.f.DefaultMavenResourcesFiltering - skip non existing resourceDirectory D:\Desktop\LOS-\src\test\resources
2025-05-16 14:47:08,469 [Worker-31: Building] INFO  o.a.m.s.f.DefaultMavenResourcesFiltering - Copying 1 resource from src\main\resources to target\classes
2025-05-16 14:47:08,476 [Worker-31: Building] INFO  o.a.m.s.f.DefaultMavenResourcesFiltering - Copying 1 resource from src\main\resources to target\classes
2025-05-16 14:47:08,479 [Worker-31: Building] INFO  o.a.m.s.f.DefaultMavenResourcesFiltering - skip non existing resourceDirectory D:\Desktop\LOS-\src\test\resources
2025-05-16 14:47:34,116 [Worker-30: Building] INFO  o.a.m.s.f.DefaultMavenResourcesFiltering - Copying 1 resource from src\main\resources to target\classes
2025-05-16 14:47:34,124 [Worker-30: Building] INFO  o.a.m.s.f.DefaultMavenResourcesFiltering - Copying 1 resource from src\main\resources to target\classes
2025-05-16 14:47:34,128 [Worker-30: Building] INFO  o.a.m.s.f.DefaultMavenResourcesFiltering - skip non existing resourceDirectory D:\Desktop\LOS-\src\test\resources
2025-05-16 14:47:40,294 [Worker-34: Building] INFO  o.a.m.s.f.DefaultMavenResourcesFiltering - Copying 1 resource from src\main\resources to target\classes
2025-05-16 14:47:40,299 [Worker-34: Building] INFO  o.a.m.s.f.DefaultMavenResourcesFiltering - Copying 1 resource from src\main\resources to target\classes
2025-05-16 14:47:40,302 [Worker-34: Building] INFO  o.a.m.s.f.DefaultMavenResourcesFiltering - skip non existing resourceDirectory D:\Desktop\LOS-\src\test\resources
2025-05-16 14:48:38,392 [Worker-28: Building] INFO  o.a.m.s.f.DefaultMavenResourcesFiltering - Copying 0 resource from src\main\resources to target\classes
2025-05-16 14:48:38,392 [Worker-28: Building] INFO  o.a.m.s.f.DefaultMavenResourcesFiltering - Copying 0 resource from src\main\resources to target\classes
2025-05-16 14:48:38,395 [Worker-28: Building] INFO  o.a.m.s.f.DefaultMavenResourcesFiltering - skip non existing resourceDirectory D:\Desktop\LOS-\src\test\resources
2025-05-16 14:48:57,582 [Worker-32: Building] INFO  o.a.m.s.f.DefaultMavenResourcesFiltering - Copying 1 resource from src\main\resources to target\classes
2025-05-16 14:48:57,589 [Worker-32: Building] INFO  o.a.m.s.f.DefaultMavenResourcesFiltering - Copying 1 resource from src\main\resources to target\classes
2025-05-16 14:48:57,592 [Worker-32: Building] INFO  o.a.m.s.f.DefaultMavenResourcesFiltering - skip non existing resourceDirectory D:\Desktop\LOS-\src\test\resources
2025-05-16 14:49:18,206 [Worker-28: Building] INFO  o.a.m.s.f.DefaultMavenResourcesFiltering - Copying 1 resource from src\main\resources to target\classes
2025-05-16 14:49:18,212 [Worker-28: Building] INFO  o.a.m.s.f.DefaultMavenResourcesFiltering - Copying 1 resource from src\main\resources to target\classes
2025-05-16 14:49:18,215 [Worker-28: Building] INFO  o.a.m.s.f.DefaultMavenResourcesFiltering - skip non existing resourceDirectory D:\Desktop\LOS-\src\test\resources
2025-05-16 14:49:24,929 [Worker-25: Building] INFO  o.a.m.s.f.DefaultMavenResourcesFiltering - Copying 1 resource from src\main\resources to target\classes
2025-05-16 14:49:24,938 [Worker-25: Building] INFO  o.a.m.s.f.DefaultMavenResourcesFiltering - Copying 1 resource from src\main\resources to target\classes
2025-05-16 14:49:24,941 [Worker-25: Building] INFO  o.a.m.s.f.DefaultMavenResourcesFiltering - skip non existing resourceDirectory D:\Desktop\LOS-\src\test\resources
2025-05-16 14:50:58,050 [Worker-29: Building] INFO  o.a.m.s.f.DefaultMavenResourcesFiltering - Copying 1 resource from src\main\resources to target\classes
2025-05-16 14:50:58,057 [Worker-29: Building] INFO  o.a.m.s.f.DefaultMavenResourcesFiltering - Copying 1 resource from src\main\resources to target\classes
2025-05-16 14:50:58,060 [Worker-29: Building] INFO  o.a.m.s.f.DefaultMavenResourcesFiltering - skip non existing resourceDirectory D:\Desktop\LOS-\src\test\resources
2025-05-16 14:51:00,812 [Worker-29: Building] INFO  o.a.m.s.f.DefaultMavenResourcesFiltering - Copying 1 resource from src\main\resources to target\classes
2025-05-16 14:51:00,817 [Worker-29: Building] INFO  o.a.m.s.f.DefaultMavenResourcesFiltering - Copying 1 resource from src\main\resources to target\classes
2025-05-16 14:51:00,820 [Worker-29: Building] INFO  o.a.m.s.f.DefaultMavenResourcesFiltering - skip non existing resourceDirectory D:\Desktop\LOS-\src\test\resources
2025-05-16 14:53:56,472 [Worker-30: Building] INFO  o.a.m.s.f.DefaultMavenResourcesFiltering - Copying 1 resource from src\main\resources to target\classes
2025-05-16 14:53:56,479 [Worker-30: Building] INFO  o.a.m.s.f.DefaultMavenResourcesFiltering - Copying 1 resource from src\main\resources to target\classes
2025-05-16 14:53:56,483 [Worker-30: Building] INFO  o.a.m.s.f.DefaultMavenResourcesFiltering - skip non existing resourceDirectory D:\Desktop\LOS-\src\test\resources
2025-05-16 14:55:58,618 [Worker-19: Building] INFO  o.a.m.s.f.DefaultMavenResourcesFiltering - Copying 0 resource from src\main\resources to target\classes
2025-05-16 14:55:58,618 [Worker-19: Building] INFO  o.a.m.s.f.DefaultMavenResourcesFiltering - Copying 0 resource from src\main\resources to target\classes
2025-05-16 14:55:58,621 [Worker-19: Building] INFO  o.a.m.s.f.DefaultMavenResourcesFiltering - skip non existing resourceDirectory D:\Desktop\LOS-\src\test\resources
2025-05-16 14:56:00,840 [Worker-19: Building] INFO  o.a.m.s.f.DefaultMavenResourcesFiltering - Copying 0 resource from src\main\resources to target\classes
2025-05-16 14:56:00,840 [Worker-19: Building] INFO  o.a.m.s.f.DefaultMavenResourcesFiltering - Copying 0 resource from src\main\resources to target\classes
2025-05-16 14:56:00,842 [Worker-19: Building] INFO  o.a.m.s.f.DefaultMavenResourcesFiltering - skip non existing resourceDirectory D:\Desktop\LOS-\src\test\resources
2025-05-16 14:56:01,950 [Worker-32: Building] INFO  o.a.m.s.f.DefaultMavenResourcesFiltering - Copying 0 resource from src\main\resources to target\classes
2025-05-16 14:56:01,950 [Worker-32: Building] INFO  o.a.m.s.f.DefaultMavenResourcesFiltering - Copying 0 resource from src\main\resources to target\classes
2025-05-16 14:56:01,953 [Worker-32: Building] INFO  o.a.m.s.f.DefaultMavenResourcesFiltering - skip non existing resourceDirectory D:\Desktop\LOS-\src\test\resources
2025-05-16 14:56:11,165 [Worker-31: Building] INFO  o.a.m.s.f.DefaultMavenResourcesFiltering - Copying 0 resource from src\main\resources to target\classes
2025-05-16 14:56:11,166 [Worker-31: Building] INFO  o.a.m.s.f.DefaultMavenResourcesFiltering - Copying 0 resource from src\main\resources to target\classes
2025-05-16 14:56:11,169 [Worker-31: Building] INFO  o.a.m.s.f.DefaultMavenResourcesFiltering - skip non existing resourceDirectory D:\Desktop\LOS-\src\test\resources
2025-05-16 14:56:17,925 [Worker-28: Building] INFO  o.a.m.s.f.DefaultMavenResourcesFiltering - Copying 0 resource from src\main\resources to target\classes
2025-05-16 14:56:17,925 [Worker-28: Building] INFO  o.a.m.s.f.DefaultMavenResourcesFiltering - Copying 0 resource from src\main\resources to target\classes
2025-05-16 14:56:17,927 [Worker-28: Building] INFO  o.a.m.s.f.DefaultMavenResourcesFiltering - skip non existing resourceDirectory D:\Desktop\LOS-\src\test\resources
2025-05-16 15:01:28,948 [Worker-29: Building] INFO  o.a.m.s.f.DefaultMavenResourcesFiltering - Copying 0 resource from src\main\resources to target\classes
2025-05-16 15:01:28,950 [Worker-29: Building] INFO  o.a.m.s.f.DefaultMavenResourcesFiltering - Copying 0 resource from src\main\resources to target\classes
2025-05-16 15:01:28,953 [Worker-29: Building] INFO  o.a.m.s.f.DefaultMavenResourcesFiltering - skip non existing resourceDirectory D:\Desktop\LOS-\src\test\resources
2025-05-16 15:14:48,454 [Worker-32: Building] INFO  o.a.m.s.f.DefaultMavenResourcesFiltering - Copying 1 resource from src\main\resources to target\classes
2025-05-16 15:14:48,461 [Worker-32: Building] INFO  o.a.m.s.f.DefaultMavenResourcesFiltering - Copying 1 resource from src\main\resources to target\classes
2025-05-16 15:14:48,479 [Worker-32: Building] INFO  o.a.m.s.f.DefaultMavenResourcesFiltering - skip non existing resourceDirectory D:\Desktop\LOS-\src\test\resources
2025-05-16 15:22:18,069 [Worker-19: Building] INFO  o.a.m.s.f.DefaultMavenResourcesFiltering - Copying 1 resource from src\main\resources to target\classes
2025-05-16 15:22:18,080 [Worker-19: Building] INFO  o.a.m.s.f.DefaultMavenResourcesFiltering - Copying 1 resource from src\main\resources to target\classes
2025-05-16 15:22:18,083 [Worker-19: Building] INFO  o.a.m.s.f.DefaultMavenResourcesFiltering - skip non existing resourceDirectory D:\Desktop\LOS-\src\test\resources
2025-05-16 15:26:35,340 [Worker-29: Building] INFO  o.a.m.s.f.DefaultMavenResourcesFiltering - Copying 1 resource from src\main\resources to target\classes
2025-05-16 15:26:35,348 [Worker-29: Building] INFO  o.a.m.s.f.DefaultMavenResourcesFiltering - Copying 1 resource from src\main\resources to target\classes
2025-05-16 15:26:35,351 [Worker-29: Building] INFO  o.a.m.s.f.DefaultMavenResourcesFiltering - skip non existing resourceDirectory D:\Desktop\LOS-\src\test\resources
2025-05-16 15:34:16,459 [Worker-19: Building] INFO  o.a.m.s.f.DefaultMavenResourcesFiltering - Copying 0 resource from src\main\resources to target\classes
2025-05-16 15:34:16,460 [Worker-19: Building] INFO  o.a.m.s.f.DefaultMavenResourcesFiltering - Copying 0 resource from src\main\resources to target\classes
2025-05-16 15:34:16,462 [Worker-19: Building] INFO  o.a.m.s.f.DefaultMavenResourcesFiltering - skip non existing resourceDirectory D:\Desktop\LOS-\src\test\resources
2025-05-16 15:37:13,276 [Worker-29: Launching Executing clean in D__Desktop_LOS-] INFO  o.eclipse.m2e.core.internal.Bundles - getClasspathEntries(Bundle=org.eclipse.m2e.maven.runtime_3.9.900.20250220-2013 [637])
2025-05-16 15:37:13,285 [Worker-29: Launching Executing clean in D__Desktop_LOS-] INFO  o.eclipse.m2e.core.internal.Bundles - 	Entry: C:\Users\Yadnyesh\.p2\pool\plugins\org.eclipse.m2e.maven.runtime_3.9.900.20250220-2013
2025-05-16 15:37:13,287 [Worker-29: Launching Executing clean in D__Desktop_LOS-] INFO  o.eclipse.m2e.core.internal.Bundles - 	Entry: C:\Users\Yadnyesh\.p2\pool\plugins\org.eclipse.m2e.maven.runtime_3.9.900.20250220-2013\jars\aopalliance-1.0.jar
2025-05-16 15:37:13,288 [Worker-29: Launching Executing clean in D__Desktop_LOS-] INFO  o.eclipse.m2e.core.internal.Bundles - 	Entry: C:\Users\Yadnyesh\.p2\pool\plugins\org.eclipse.m2e.maven.runtime_3.9.900.20250220-2013\jars\guice-5.1.0.jar
2025-05-16 15:37:13,288 [Worker-29: Launching Executing clean in D__Desktop_LOS-] INFO  o.eclipse.m2e.core.internal.Bundles - 	Entry: C:\Users\Yadnyesh\.p2\pool\plugins\org.eclipse.m2e.maven.runtime_3.9.900.20250220-2013\jars\httpclient-4.5.14.jar
2025-05-16 15:37:13,288 [Worker-29: Launching Executing clean in D__Desktop_LOS-] INFO  o.eclipse.m2e.core.internal.Bundles - 	Entry: C:\Users\Yadnyesh\.p2\pool\plugins\org.eclipse.m2e.maven.runtime_3.9.900.20250220-2013\jars\httpcore-4.4.16.jar
2025-05-16 15:37:13,290 [Worker-29: Launching Executing clean in D__Desktop_LOS-] INFO  o.eclipse.m2e.core.internal.Bundles - 	Entry: C:\Users\Yadnyesh\.p2\pool\plugins\org.eclipse.m2e.maven.runtime_3.9.900.20250220-2013\jars\jansi-2.4.1.jar
2025-05-16 15:37:13,290 [Worker-29: Launching Executing clean in D__Desktop_LOS-] INFO  o.eclipse.m2e.core.internal.Bundles - 	Entry: C:\Users\Yadnyesh\.p2\pool\plugins\org.eclipse.m2e.maven.runtime_3.9.900.20250220-2013\jars\jcl-over-slf4j-1.7.36.jar
2025-05-16 15:37:13,292 [Worker-29: Launching Executing clean in D__Desktop_LOS-] INFO  o.eclipse.m2e.core.internal.Bundles - 	Entry: C:\Users\Yadnyesh\.p2\pool\plugins\org.eclipse.m2e.maven.runtime_3.9.900.20250220-2013\jars\maven-artifact-3.9.9.jar
2025-05-16 15:37:13,293 [Worker-29: Launching Executing clean in D__Desktop_LOS-] INFO  o.eclipse.m2e.core.internal.Bundles - 	Entry: C:\Users\Yadnyesh\.p2\pool\plugins\org.eclipse.m2e.maven.runtime_3.9.900.20250220-2013\jars\maven-builder-support-3.9.9.jar
2025-05-16 15:37:13,293 [Worker-29: Launching Executing clean in D__Desktop_LOS-] INFO  o.eclipse.m2e.core.internal.Bundles - 	Entry: C:\Users\Yadnyesh\.p2\pool\plugins\org.eclipse.m2e.maven.runtime_3.9.900.20250220-2013\jars\maven-compat-3.9.9.jar
2025-05-16 15:37:13,293 [Worker-29: Launching Executing clean in D__Desktop_LOS-] INFO  o.eclipse.m2e.core.internal.Bundles - 	Entry: C:\Users\Yadnyesh\.p2\pool\plugins\org.eclipse.m2e.maven.runtime_3.9.900.20250220-2013\jars\maven-core-3.9.9.jar
2025-05-16 15:37:13,294 [Worker-29: Launching Executing clean in D__Desktop_LOS-] INFO  o.eclipse.m2e.core.internal.Bundles - 	Entry: C:\Users\Yadnyesh\.p2\pool\plugins\org.eclipse.m2e.maven.runtime_3.9.900.20250220-2013\jars\maven-embedder-3.9.9.jar
2025-05-16 15:37:13,294 [Worker-29: Launching Executing clean in D__Desktop_LOS-] INFO  o.eclipse.m2e.core.internal.Bundles - 	Entry: C:\Users\Yadnyesh\.p2\pool\plugins\org.eclipse.m2e.maven.runtime_3.9.900.20250220-2013\jars\maven-model-3.9.9.jar
2025-05-16 15:37:13,294 [Worker-29: Launching Executing clean in D__Desktop_LOS-] INFO  o.eclipse.m2e.core.internal.Bundles - 	Entry: C:\Users\Yadnyesh\.p2\pool\plugins\org.eclipse.m2e.maven.runtime_3.9.900.20250220-2013\jars\maven-model-builder-3.9.9.jar
2025-05-16 15:37:13,294 [Worker-29: Launching Executing clean in D__Desktop_LOS-] INFO  o.eclipse.m2e.core.internal.Bundles - 	Entry: C:\Users\Yadnyesh\.p2\pool\plugins\org.eclipse.m2e.maven.runtime_3.9.900.20250220-2013\jars\maven-plugin-api-3.9.9.jar
2025-05-16 15:37:13,294 [Worker-29: Launching Executing clean in D__Desktop_LOS-] INFO  o.eclipse.m2e.core.internal.Bundles - 	Entry: C:\Users\Yadnyesh\.p2\pool\plugins\org.eclipse.m2e.maven.runtime_3.9.900.20250220-2013\jars\maven-repository-metadata-3.9.9.jar
2025-05-16 15:37:13,295 [Worker-29: Launching Executing clean in D__Desktop_LOS-] INFO  o.eclipse.m2e.core.internal.Bundles - 	Entry: C:\Users\Yadnyesh\.p2\pool\plugins\org.eclipse.m2e.maven.runtime_3.9.900.20250220-2013\jars\maven-resolver-api-1.9.22.jar
2025-05-16 15:37:13,295 [Worker-29: Launching Executing clean in D__Desktop_LOS-] INFO  o.eclipse.m2e.core.internal.Bundles - 	Entry: C:\Users\Yadnyesh\.p2\pool\plugins\org.eclipse.m2e.maven.runtime_3.9.900.20250220-2013\jars\maven-resolver-connector-basic-1.9.22.jar
2025-05-16 15:37:13,295 [Worker-29: Launching Executing clean in D__Desktop_LOS-] INFO  o.eclipse.m2e.core.internal.Bundles - 	Entry: C:\Users\Yadnyesh\.p2\pool\plugins\org.eclipse.m2e.maven.runtime_3.9.900.20250220-2013\jars\maven-resolver-impl-1.9.22.jar
2025-05-16 15:37:13,296 [Worker-29: Launching Executing clean in D__Desktop_LOS-] INFO  o.eclipse.m2e.core.internal.Bundles - 	Entry: C:\Users\Yadnyesh\.p2\pool\plugins\org.eclipse.m2e.maven.runtime_3.9.900.20250220-2013\jars\maven-resolver-named-locks-1.9.22.jar
2025-05-16 15:37:13,296 [Worker-29: Launching Executing clean in D__Desktop_LOS-] INFO  o.eclipse.m2e.core.internal.Bundles - 	Entry: C:\Users\Yadnyesh\.p2\pool\plugins\org.eclipse.m2e.maven.runtime_3.9.900.20250220-2013\jars\maven-resolver-provider-3.9.9.jar
2025-05-16 15:37:13,296 [Worker-29: Launching Executing clean in D__Desktop_LOS-] INFO  o.eclipse.m2e.core.internal.Bundles - 	Entry: C:\Users\Yadnyesh\.p2\pool\plugins\org.eclipse.m2e.maven.runtime_3.9.900.20250220-2013\jars\maven-resolver-spi-1.9.22.jar
2025-05-16 15:37:13,296 [Worker-29: Launching Executing clean in D__Desktop_LOS-] INFO  o.eclipse.m2e.core.internal.Bundles - 	Entry: C:\Users\Yadnyesh\.p2\pool\plugins\org.eclipse.m2e.maven.runtime_3.9.900.20250220-2013\jars\maven-resolver-transport-file-1.9.22.jar
2025-05-16 15:37:13,297 [Worker-29: Launching Executing clean in D__Desktop_LOS-] INFO  o.eclipse.m2e.core.internal.Bundles - 	Entry: C:\Users\Yadnyesh\.p2\pool\plugins\org.eclipse.m2e.maven.runtime_3.9.900.20250220-2013\jars\maven-resolver-transport-http-1.9.22.jar
2025-05-16 15:37:13,298 [Worker-29: Launching Executing clean in D__Desktop_LOS-] INFO  o.eclipse.m2e.core.internal.Bundles - 	Entry: C:\Users\Yadnyesh\.p2\pool\plugins\org.eclipse.m2e.maven.runtime_3.9.900.20250220-2013\jars\maven-resolver-transport-wagon-1.9.22.jar
2025-05-16 15:37:13,298 [Worker-29: Launching Executing clean in D__Desktop_LOS-] INFO  o.eclipse.m2e.core.internal.Bundles - 	Entry: C:\Users\Yadnyesh\.p2\pool\plugins\org.eclipse.m2e.maven.runtime_3.9.900.20250220-2013\jars\maven-resolver-util-1.9.22.jar
2025-05-16 15:37:13,299 [Worker-29: Launching Executing clean in D__Desktop_LOS-] INFO  o.eclipse.m2e.core.internal.Bundles - 	Entry: C:\Users\Yadnyesh\.p2\pool\plugins\org.eclipse.m2e.maven.runtime_3.9.900.20250220-2013\jars\maven-settings-3.9.9.jar
2025-05-16 15:37:13,301 [Worker-29: Launching Executing clean in D__Desktop_LOS-] INFO  o.eclipse.m2e.core.internal.Bundles - 	Entry: C:\Users\Yadnyesh\.p2\pool\plugins\org.eclipse.m2e.maven.runtime_3.9.900.20250220-2013\jars\maven-settings-builder-3.9.9.jar
2025-05-16 15:37:13,302 [Worker-29: Launching Executing clean in D__Desktop_LOS-] INFO  o.eclipse.m2e.core.internal.Bundles - 	Entry: C:\Users\Yadnyesh\.p2\pool\plugins\org.eclipse.m2e.maven.runtime_3.9.900.20250220-2013\jars\maven-shared-utils-3.4.2.jar
2025-05-16 15:37:13,302 [Worker-29: Launching Executing clean in D__Desktop_LOS-] INFO  o.eclipse.m2e.core.internal.Bundles - 	Entry: C:\Users\Yadnyesh\.p2\pool\plugins\org.eclipse.m2e.maven.runtime_3.9.900.20250220-2013\jars\org.eclipse.sisu.inject-0.9.0.M3.jar
2025-05-16 15:37:13,302 [Worker-29: Launching Executing clean in D__Desktop_LOS-] INFO  o.eclipse.m2e.core.internal.Bundles - 	Entry: C:\Users\Yadnyesh\.p2\pool\plugins\org.eclipse.m2e.maven.runtime_3.9.900.20250220-2013\jars\org.eclipse.sisu.plexus-0.9.0.M3.jar
2025-05-16 15:37:13,303 [Worker-29: Launching Executing clean in D__Desktop_LOS-] INFO  o.eclipse.m2e.core.internal.Bundles - 	Entry: C:\Users\Yadnyesh\.p2\pool\plugins\org.eclipse.m2e.maven.runtime_3.9.900.20250220-2013\jars\plexus-build-api-0.0.7.jar
2025-05-16 15:37:13,303 [Worker-29: Launching Executing clean in D__Desktop_LOS-] INFO  o.eclipse.m2e.core.internal.Bundles - 	Entry: C:\Users\Yadnyesh\.p2\pool\plugins\org.eclipse.m2e.maven.runtime_3.9.900.20250220-2013\jars\plexus-build-api-1.2.0.jar
2025-05-16 15:37:13,303 [Worker-29: Launching Executing clean in D__Desktop_LOS-] INFO  o.eclipse.m2e.core.internal.Bundles - 	Entry: C:\Users\Yadnyesh\.p2\pool\plugins\org.eclipse.m2e.maven.runtime_3.9.900.20250220-2013\jars\plexus-cipher-2.0.jar
2025-05-16 15:37:13,303 [Worker-29: Launching Executing clean in D__Desktop_LOS-] INFO  o.eclipse.m2e.core.internal.Bundles - 	Entry: C:\Users\Yadnyesh\.p2\pool\plugins\org.eclipse.m2e.maven.runtime_3.9.900.20250220-2013\jars\plexus-classworlds-2.8.0.jar
2025-05-16 15:37:13,304 [Worker-29: Launching Executing clean in D__Desktop_LOS-] INFO  o.eclipse.m2e.core.internal.Bundles - 	Entry: C:\Users\Yadnyesh\.p2\pool\plugins\org.eclipse.m2e.maven.runtime_3.9.900.20250220-2013\jars\plexus-component-annotations-2.1.0.jar
2025-05-16 15:37:13,304 [Worker-29: Launching Executing clean in D__Desktop_LOS-] INFO  o.eclipse.m2e.core.internal.Bundles - 	Entry: C:\Users\Yadnyesh\.p2\pool\plugins\org.eclipse.m2e.maven.runtime_3.9.900.20250220-2013\jars\plexus-interpolation-1.27.jar
2025-05-16 15:37:13,304 [Worker-29: Launching Executing clean in D__Desktop_LOS-] INFO  o.eclipse.m2e.core.internal.Bundles - 	Entry: C:\Users\Yadnyesh\.p2\pool\plugins\org.eclipse.m2e.maven.runtime_3.9.900.20250220-2013\jars\plexus-sec-dispatcher-2.0.jar
2025-05-16 15:37:13,306 [Worker-29: Launching Executing clean in D__Desktop_LOS-] INFO  o.eclipse.m2e.core.internal.Bundles - 	Entry: C:\Users\Yadnyesh\.p2\pool\plugins\org.eclipse.m2e.maven.runtime_3.9.900.20250220-2013\jars\plexus-utils-3.5.1.jar
2025-05-16 15:37:13,307 [Worker-29: Launching Executing clean in D__Desktop_LOS-] INFO  o.eclipse.m2e.core.internal.Bundles - 	Entry: C:\Users\Yadnyesh\.p2\pool\plugins\org.eclipse.m2e.maven.runtime_3.9.900.20250220-2013\jars\plexus-xml-3.0.1.jar
2025-05-16 15:37:13,307 [Worker-29: Launching Executing clean in D__Desktop_LOS-] INFO  o.eclipse.m2e.core.internal.Bundles - 	Entry: C:\Users\Yadnyesh\.p2\pool\plugins\org.eclipse.m2e.maven.runtime_3.9.900.20250220-2013\jars\wagon-file-3.5.3.jar
2025-05-16 15:37:13,307 [Worker-29: Launching Executing clean in D__Desktop_LOS-] INFO  o.eclipse.m2e.core.internal.Bundles - 	Entry: C:\Users\Yadnyesh\.p2\pool\plugins\org.eclipse.m2e.maven.runtime_3.9.900.20250220-2013\jars\wagon-http-3.5.3.jar
2025-05-16 15:37:13,308 [Worker-29: Launching Executing clean in D__Desktop_LOS-] INFO  o.eclipse.m2e.core.internal.Bundles - 	Entry: C:\Users\Yadnyesh\.p2\pool\plugins\org.eclipse.m2e.maven.runtime_3.9.900.20250220-2013\jars\wagon-http-shared-3.5.3.jar
2025-05-16 15:37:13,310 [Worker-29: Launching Executing clean in D__Desktop_LOS-] INFO  o.eclipse.m2e.core.internal.Bundles - 	Entry: C:\Users\Yadnyesh\.p2\pool\plugins\org.eclipse.m2e.maven.runtime_3.9.900.20250220-2013\jars\wagon-provider-api-3.5.3.jar
2025-05-16 15:37:13,311 [Worker-29: Launching Executing clean in D__Desktop_LOS-] INFO  o.eclipse.m2e.core.internal.Bundles - getClasspathEntries(Bundle=com.google.guava_33.4.8.jre [1007])
2025-05-16 15:37:13,311 [Worker-29: Launching Executing clean in D__Desktop_LOS-] INFO  o.eclipse.m2e.core.internal.Bundles - 	Entry: C:\Users\Yadnyesh\.p2\pool\plugins\com.google.guava_33.4.8.jre.jar
2025-05-16 15:37:13,311 [Worker-29: Launching Executing clean in D__Desktop_LOS-] INFO  o.eclipse.m2e.core.internal.Bundles - getClasspathEntries(Bundle=slf4j.api_2.0.17 [1001])
2025-05-16 15:37:13,312 [Worker-29: Launching Executing clean in D__Desktop_LOS-] INFO  o.eclipse.m2e.core.internal.Bundles - 	Entry: C:\Users\Yadnyesh\.p2\pool\plugins\slf4j.api_2.0.17.jar
2025-05-16 15:37:13,312 [Worker-29: Launching Executing clean in D__Desktop_LOS-] INFO  o.eclipse.m2e.core.internal.Bundles - getClasspathEntries(Bundle=jakarta.inject.jakarta.inject-api_1.0.5 [34])
2025-05-16 15:37:13,313 [Worker-29: Launching Executing clean in D__Desktop_LOS-] INFO  o.eclipse.m2e.core.internal.Bundles - 	Entry: C:\Users\Yadnyesh\.p2\pool\plugins\jakarta.inject.jakarta.inject-api_1.0.5.jar
2025-05-16 15:37:13,313 [Worker-29: Launching Executing clean in D__Desktop_LOS-] INFO  o.eclipse.m2e.core.internal.Bundles - getClasspathEntries(Bundle=javax.annotation_1.3.5.v20200909-1856 [1012])
2025-05-16 15:37:13,314 [Worker-29: Launching Executing clean in D__Desktop_LOS-] INFO  o.eclipse.m2e.core.internal.Bundles - 	Entry: C:\Users\Yadnyesh\.p2\pool\plugins\javax.annotation_1.3.5.v20200909-1856.jar
2025-05-16 15:37:13,314 [Worker-29: Launching Executing clean in D__Desktop_LOS-] INFO  o.eclipse.m2e.core.internal.Bundles - getClasspathEntries(Bundle=org.apache.commons.cli_1.9.0 [74])
2025-05-16 15:37:13,315 [Worker-29: Launching Executing clean in D__Desktop_LOS-] INFO  o.eclipse.m2e.core.internal.Bundles - 	Entry: C:\Users\Yadnyesh\.p2\pool\plugins\org.apache.commons.cli_1.9.0.jar
2025-05-16 15:37:13,315 [Worker-29: Launching Executing clean in D__Desktop_LOS-] INFO  o.eclipse.m2e.core.internal.Bundles - getClasspathEntries(Bundle=org.apache.commons.commons-codec_1.16.0 [76])
2025-05-16 15:37:13,315 [Worker-29: Launching Executing clean in D__Desktop_LOS-] INFO  o.eclipse.m2e.core.internal.Bundles - 	Entry: C:\Users\Yadnyesh\.p2\pool\plugins\org.apache.commons.commons-codec_1.16.0.jar
2025-05-16 15:37:13,315 [Worker-29: Launching Executing clean in D__Desktop_LOS-] INFO  o.eclipse.m2e.core.internal.Bundles - getClasspathEntries(Bundle=com.google.guava.failureaccess_1.0.3 [1008])
2025-05-16 15:37:13,316 [Worker-29: Launching Executing clean in D__Desktop_LOS-] INFO  o.eclipse.m2e.core.internal.Bundles - 	Entry: C:\Users\Yadnyesh\.p2\pool\plugins\com.google.guava.failureaccess_1.0.3.jar
2025-05-16 15:37:13,320 [Worker-29: Launching Executing clean in D__Desktop_LOS-] INFO  o.e.m.i.launch.MavenLaunchDelegate - Run build in "D:\Desktop\LOS-":
2025-05-16 15:37:13,321 [Worker-29: Launching Executing clean in D__Desktop_LOS-] INFO  o.e.m.i.launch.MavenLaunchDelegate -  mvn  -B -Dstyle.color=always clean
2025-05-16 15:37:22,916 [Worker-26: Building] INFO  o.a.m.s.f.DefaultMavenResourcesFiltering - Copying 1 resource from src\main\resources to target\classes
2025-05-16 15:37:22,943 [Worker-26: Building] INFO  o.a.m.s.f.DefaultMavenResourcesFiltering - Copying 1 resource from src\main\resources to target\classes
2025-05-16 15:37:22,948 [Worker-26: Building] INFO  o.a.m.s.f.DefaultMavenResourcesFiltering - skip non existing resourceDirectory D:\Desktop\LOS-\src\test\resources
2025-05-16 15:37:22,948 [Worker-26: Building] INFO  o.e.m.w.i.f.ResourceFilteringBuildParticipant - Changed resources require a complete clean of filtered resources of LOS-
2025-05-16 15:37:22,954 [Worker-26: Building] INFO  o.e.m.w.i.f.ResourceFilteringBuildParticipant - Executing resource filtering for LOS-
2025-05-16 15:37:30,334 [main] INFO  o.e.m2e.actions.ExecutePomAction - Creating new launch configuration
2025-05-16 16:11:48,993 [Worker-2: Loading available Gradle versions] INFO  o.e.b.c.i.u.g.PublishedGradleVersions - Gradle version information cache is out-of-date. Trying to update.
2025-05-16 16:16:59,706 [Worker-3: Launching LOS- - BankLoanApplication] INFO  o.a.m.s.f.DefaultMavenResourcesFiltering - Copying 1 resource from src\main\resources to target\classes
2025-05-16 16:16:59,737 [Worker-3: Launching LOS- - BankLoanApplication] INFO  o.a.m.s.f.DefaultMavenResourcesFiltering - Copying 1 resource from src\main\resources to target\classes
2025-05-16 16:16:59,746 [Worker-3: Launching LOS- - BankLoanApplication] INFO  o.a.m.s.f.DefaultMavenResourcesFiltering - skip non existing resourceDirectory D:\Desktop\LOS-\src\test\resources
2025-05-16 16:48:00,795 [Worker-1: Loading available Gradle versions] INFO  o.e.b.c.i.u.g.PublishedGradleVersions - Gradle version information cache is up-to-date. Trying to read.
2025-05-16 16:48:27,814 [Worker-12: Building] INFO  o.a.m.s.f.DefaultMavenResourcesFiltering - Copying 1 resource from src\main\resources to target\classes
2025-05-16 16:48:27,866 [Worker-12: Building] INFO  o.a.m.s.f.DefaultMavenResourcesFiltering - Copying 1 resource from src\main\resources to target\classes
2025-05-16 16:48:27,874 [Worker-12: Building] INFO  o.a.m.s.f.DefaultMavenResourcesFiltering - skip non existing resourceDirectory D:\Desktop\LOS-\src\test\resources
2025-05-16 17:01:09,781 [Worker-10: Building] INFO  o.a.m.s.f.DefaultMavenResourcesFiltering - Copying 1 resource from src\main\resources to target\classes
2025-05-16 17:01:09,823 [Worker-10: Building] INFO  o.a.m.s.f.DefaultMavenResourcesFiltering - Copying 1 resource from src\main\resources to target\classes
2025-05-16 17:01:09,827 [Worker-10: Building] INFO  o.a.m.s.f.DefaultMavenResourcesFiltering - skip non existing resourceDirectory D:\Desktop\LOS-\src\test\resources
2025-05-16 17:01:33,485 [Worker-10: Building] INFO  o.a.m.s.f.DefaultMavenResourcesFiltering - Copying 1 resource from src\main\resources to target\classes
2025-05-16 17:01:33,498 [Worker-10: Building] INFO  o.a.m.s.f.DefaultMavenResourcesFiltering - Copying 1 resource from src\main\resources to target\classes
2025-05-16 17:01:33,502 [Worker-10: Building] INFO  o.a.m.s.f.DefaultMavenResourcesFiltering - skip non existing resourceDirectory D:\Desktop\LOS-\src\test\resources
2025-05-16 17:07:53,988 [Worker-7: Building] INFO  o.a.m.s.f.DefaultMavenResourcesFiltering - Copying 1 resource from src\main\resources to target\classes
2025-05-16 17:07:53,994 [Worker-7: Building] INFO  o.a.m.s.f.DefaultMavenResourcesFiltering - Copying 1 resource from src\main\resources to target\classes
2025-05-16 17:07:53,999 [Worker-7: Building] INFO  o.a.m.s.f.DefaultMavenResourcesFiltering - skip non existing resourceDirectory D:\Desktop\LOS-\src\test\resources
2025-05-16 17:07:57,686 [Worker-7: Building] INFO  o.a.m.s.f.DefaultMavenResourcesFiltering - Copying 1 resource from src\main\resources to target\classes
2025-05-16 17:07:57,693 [Worker-7: Building] INFO  o.a.m.s.f.DefaultMavenResourcesFiltering - Copying 1 resource from src\main\resources to target\classes
2025-05-16 17:07:57,697 [Worker-7: Building] INFO  o.a.m.s.f.DefaultMavenResourcesFiltering - skip non existing resourceDirectory D:\Desktop\LOS-\src\test\resources
2025-05-16 17:32:07,265 [Worker-10: Building] INFO  o.a.m.s.f.DefaultMavenResourcesFiltering - Copying 1 resource from src\main\resources to target\classes
2025-05-16 17:32:07,276 [Worker-10: Building] INFO  o.a.m.s.f.DefaultMavenResourcesFiltering - Copying 1 resource from src\main\resources to target\classes
2025-05-16 17:32:07,282 [Worker-10: Building] INFO  o.a.m.s.f.DefaultMavenResourcesFiltering - skip non existing resourceDirectory D:\Desktop\LOS-\src\test\resources
2025-05-16 17:33:28,460 [Worker-23: Building] INFO  o.a.m.s.f.DefaultMavenResourcesFiltering - Copying 1 resource from src\main\resources to target\classes
2025-05-16 17:33:28,465 [Worker-23: Building] INFO  o.a.m.s.f.DefaultMavenResourcesFiltering - Copying 1 resource from src\main\resources to target\classes
2025-05-16 17:33:28,471 [Worker-23: Building] INFO  o.a.m.s.f.DefaultMavenResourcesFiltering - skip non existing resourceDirectory D:\Desktop\LOS-\src\test\resources
2025-05-16 17:33:42,661 [Worker-19: Building] INFO  o.a.m.s.f.DefaultMavenResourcesFiltering - Copying 1 resource from src\main\resources to target\classes
2025-05-16 17:33:42,667 [Worker-19: Building] INFO  o.a.m.s.f.DefaultMavenResourcesFiltering - Copying 1 resource from src\main\resources to target\classes
2025-05-16 17:33:42,671 [Worker-19: Building] INFO  o.a.m.s.f.DefaultMavenResourcesFiltering - skip non existing resourceDirectory D:\Desktop\LOS-\src\test\resources
2025-05-16 17:33:56,741 [Worker-23: Building] INFO  o.a.m.s.f.DefaultMavenResourcesFiltering - Copying 1 resource from src\main\resources to target\classes
2025-05-16 17:33:56,760 [Worker-23: Building] INFO  o.a.m.s.f.DefaultMavenResourcesFiltering - Copying 1 resource from src\main\resources to target\classes
2025-05-16 17:33:56,777 [Worker-23: Building] INFO  o.a.m.s.f.DefaultMavenResourcesFiltering - skip non existing resourceDirectory D:\Desktop\LOS-\src\test\resources
2025-05-16 17:34:25,104 [Worker-10: Building] INFO  o.a.m.s.f.DefaultMavenResourcesFiltering - Copying 1 resource from src\main\resources to target\classes
2025-05-16 17:34:25,111 [Worker-10: Building] INFO  o.a.m.s.f.DefaultMavenResourcesFiltering - Copying 1 resource from src\main\resources to target\classes
2025-05-16 17:34:25,152 [Worker-10: Building] INFO  o.a.m.s.f.DefaultMavenResourcesFiltering - skip non existing resourceDirectory D:\Desktop\LOS-\src\test\resources
2025-05-16 17:34:34,238 [Worker-21: Building] INFO  o.a.m.s.f.DefaultMavenResourcesFiltering - Copying 1 resource from src\main\resources to target\classes
2025-05-16 17:34:34,244 [Worker-21: Building] INFO  o.a.m.s.f.DefaultMavenResourcesFiltering - Copying 1 resource from src\main\resources to target\classes
2025-05-16 17:34:34,251 [Worker-21: Building] INFO  o.a.m.s.f.DefaultMavenResourcesFiltering - skip non existing resourceDirectory D:\Desktop\LOS-\src\test\resources
2025-05-16 17:34:43,369 [Worker-10: Building] INFO  o.a.m.s.f.DefaultMavenResourcesFiltering - Copying 1 resource from src\main\resources to target\classes
2025-05-16 17:34:43,374 [Worker-10: Building] INFO  o.a.m.s.f.DefaultMavenResourcesFiltering - Copying 1 resource from src\main\resources to target\classes
2025-05-16 17:34:43,378 [Worker-10: Building] INFO  o.a.m.s.f.DefaultMavenResourcesFiltering - skip non existing resourceDirectory D:\Desktop\LOS-\src\test\resources
2025-05-16 17:35:03,002 [Worker-23: Building] INFO  o.a.m.s.f.DefaultMavenResourcesFiltering - Copying 1 resource from src\main\resources to target\classes
2025-05-16 17:35:03,007 [Worker-23: Building] INFO  o.a.m.s.f.DefaultMavenResourcesFiltering - Copying 1 resource from src\main\resources to target\classes
2025-05-16 17:35:03,044 [Worker-23: Building] INFO  o.a.m.s.f.DefaultMavenResourcesFiltering - skip non existing resourceDirectory D:\Desktop\LOS-\src\test\resources
2025-05-16 17:35:16,289 [Worker-26: Building] INFO  o.a.m.s.f.DefaultMavenResourcesFiltering - Copying 1 resource from src\main\resources to target\classes
2025-05-16 17:35:16,295 [Worker-26: Building] INFO  o.a.m.s.f.DefaultMavenResourcesFiltering - Copying 1 resource from src\main\resources to target\classes
2025-05-16 17:35:16,299 [Worker-26: Building] INFO  o.a.m.s.f.DefaultMavenResourcesFiltering - skip non existing resourceDirectory D:\Desktop\LOS-\src\test\resources
2025-05-16 17:35:46,932 [Worker-21: Building] INFO  o.a.m.s.f.DefaultMavenResourcesFiltering - Copying 1 resource from src\main\resources to target\classes
2025-05-16 17:35:46,939 [Worker-21: Building] INFO  o.a.m.s.f.DefaultMavenResourcesFiltering - Copying 1 resource from src\main\resources to target\classes
2025-05-16 17:35:46,943 [Worker-21: Building] INFO  o.a.m.s.f.DefaultMavenResourcesFiltering - skip non existing resourceDirectory D:\Desktop\LOS-\src\test\resources
2025-05-16 17:35:59,212 [Worker-24: Building] INFO  o.a.m.s.f.DefaultMavenResourcesFiltering - Copying 1 resource from src\main\resources to target\classes
2025-05-16 17:35:59,218 [Worker-24: Building] INFO  o.a.m.s.f.DefaultMavenResourcesFiltering - Copying 1 resource from src\main\resources to target\classes
2025-05-16 17:35:59,222 [Worker-24: Building] INFO  o.a.m.s.f.DefaultMavenResourcesFiltering - skip non existing resourceDirectory D:\Desktop\LOS-\src\test\resources
2025-05-16 17:36:12,535 [Worker-10: Building] INFO  o.a.m.s.f.DefaultMavenResourcesFiltering - Copying 1 resource from src\main\resources to target\classes
2025-05-16 17:36:12,541 [Worker-10: Building] INFO  o.a.m.s.f.DefaultMavenResourcesFiltering - Copying 1 resource from src\main\resources to target\classes
2025-05-16 17:36:12,544 [Worker-10: Building] INFO  o.a.m.s.f.DefaultMavenResourcesFiltering - skip non existing resourceDirectory D:\Desktop\LOS-\src\test\resources
2025-05-16 17:36:27,377 [Worker-27: Building] INFO  o.a.m.s.f.DefaultMavenResourcesFiltering - Copying 1 resource from src\main\resources to target\classes
2025-05-16 17:36:27,384 [Worker-27: Building] INFO  o.a.m.s.f.DefaultMavenResourcesFiltering - Copying 1 resource from src\main\resources to target\classes
2025-05-16 17:36:27,388 [Worker-27: Building] INFO  o.a.m.s.f.DefaultMavenResourcesFiltering - skip non existing resourceDirectory D:\Desktop\LOS-\src\test\resources
2025-05-16 17:51:32,272 [Worker-19: Building] INFO  o.a.m.s.f.DefaultMavenResourcesFiltering - Copying 1 resource from src\main\resources to target\classes
2025-05-16 17:51:32,282 [Worker-19: Building] INFO  o.a.m.s.f.DefaultMavenResourcesFiltering - Copying 1 resource from src\main\resources to target\classes
2025-05-16 17:51:32,286 [Worker-19: Building] INFO  o.a.m.s.f.DefaultMavenResourcesFiltering - skip non existing resourceDirectory D:\Desktop\LOS-\src\test\resources
2025-05-16 18:01:44,731 [Worker-24: Building] INFO  o.a.m.s.f.DefaultMavenResourcesFiltering - Copying 1 resource from src\main\resources to target\classes
2025-05-16 18:01:44,738 [Worker-24: Building] INFO  o.a.m.s.f.DefaultMavenResourcesFiltering - Copying 1 resource from src\main\resources to target\classes
2025-05-16 18:01:44,742 [Worker-24: Building] INFO  o.a.m.s.f.DefaultMavenResourcesFiltering - skip non existing resourceDirectory D:\Desktop\LOS-\src\test\resources
2025-05-16 18:02:15,704 [Worker-21: Building] INFO  o.a.m.s.f.DefaultMavenResourcesFiltering - Copying 1 resource from src\main\resources to target\classes
2025-05-16 18:02:15,711 [Worker-21: Building] INFO  o.a.m.s.f.DefaultMavenResourcesFiltering - Copying 1 resource from src\main\resources to target\classes
2025-05-16 18:02:15,715 [Worker-21: Building] INFO  o.a.m.s.f.DefaultMavenResourcesFiltering - skip non existing resourceDirectory D:\Desktop\LOS-\src\test\resources
2025-05-16 18:11:04,701 [Worker-28: Building] INFO  o.a.m.s.f.DefaultMavenResourcesFiltering - Copying 1 resource from src\main\resources to target\classes
2025-05-16 18:11:04,708 [Worker-28: Building] INFO  o.a.m.s.f.DefaultMavenResourcesFiltering - Copying 1 resource from src\main\resources to target\classes
2025-05-16 18:11:04,711 [Worker-28: Building] INFO  o.a.m.s.f.DefaultMavenResourcesFiltering - skip non existing resourceDirectory D:\Desktop\LOS-\src\test\resources
2025-05-16 18:11:05,927 [Worker-7: Building] INFO  o.a.m.s.f.DefaultMavenResourcesFiltering - Copying 1 resource from src\main\resources to target\classes
2025-05-16 18:11:05,933 [Worker-7: Building] INFO  o.a.m.s.f.DefaultMavenResourcesFiltering - Copying 1 resource from src\main\resources to target\classes
2025-05-16 18:11:05,936 [Worker-7: Building] INFO  o.a.m.s.f.DefaultMavenResourcesFiltering - skip non existing resourceDirectory D:\Desktop\LOS-\src\test\resources
2025-05-16 18:11:07,099 [Worker-24: Building] INFO  o.a.m.s.f.DefaultMavenResourcesFiltering - Copying 1 resource from src\main\resources to target\classes
2025-05-16 18:11:07,122 [Worker-24: Building] INFO  o.a.m.s.f.DefaultMavenResourcesFiltering - Copying 1 resource from src\main\resources to target\classes
2025-05-16 18:11:07,125 [Worker-24: Building] INFO  o.a.m.s.f.DefaultMavenResourcesFiltering - skip non existing resourceDirectory D:\Desktop\LOS-\src\test\resources
2025-05-16 18:11:09,337 [Worker-28: Building] INFO  o.a.m.s.f.DefaultMavenResourcesFiltering - Copying 1 resource from src\main\resources to target\classes
2025-05-16 18:11:09,343 [Worker-28: Building] INFO  o.a.m.s.f.DefaultMavenResourcesFiltering - Copying 1 resource from src\main\resources to target\classes
2025-05-16 18:11:09,346 [Worker-28: Building] INFO  o.a.m.s.f.DefaultMavenResourcesFiltering - skip non existing resourceDirectory D:\Desktop\LOS-\src\test\resources
2025-05-16 18:13:07,206 [Worker-28: Building] INFO  o.a.m.s.f.DefaultMavenResourcesFiltering - Copying 1 resource from src\main\resources to target\classes
2025-05-16 18:13:07,216 [Worker-28: Building] INFO  o.a.m.s.f.DefaultMavenResourcesFiltering - Copying 1 resource from src\main\resources to target\classes
2025-05-16 18:13:07,219 [Worker-28: Building] INFO  o.a.m.s.f.DefaultMavenResourcesFiltering - skip non existing resourceDirectory D:\Desktop\LOS-\src\test\resources
2025-05-16 18:13:13,135 [Worker-27: Building] INFO  o.a.m.s.f.DefaultMavenResourcesFiltering - Copying 1 resource from src\main\resources to target\classes
2025-05-16 18:13:13,139 [Worker-27: Building] INFO  o.a.m.s.f.DefaultMavenResourcesFiltering - Copying 1 resource from src\main\resources to target\classes
2025-05-16 18:13:13,142 [Worker-27: Building] INFO  o.a.m.s.f.DefaultMavenResourcesFiltering - skip non existing resourceDirectory D:\Desktop\LOS-\src\test\resources
2025-05-16 18:13:19,909 [Worker-21: Building] INFO  o.a.m.s.f.DefaultMavenResourcesFiltering - Copying 1 resource from src\main\resources to target\classes
2025-05-16 18:13:19,915 [Worker-21: Building] INFO  o.a.m.s.f.DefaultMavenResourcesFiltering - Copying 1 resource from src\main\resources to target\classes
2025-05-16 18:13:19,918 [Worker-21: Building] INFO  o.a.m.s.f.DefaultMavenResourcesFiltering - skip non existing resourceDirectory D:\Desktop\LOS-\src\test\resources
2025-05-16 18:13:34,371 [Worker-10: Building] INFO  o.a.m.s.f.DefaultMavenResourcesFiltering - Copying 1 resource from src\main\resources to target\classes
2025-05-16 18:13:34,379 [Worker-10: Building] INFO  o.a.m.s.f.DefaultMavenResourcesFiltering - Copying 1 resource from src\main\resources to target\classes
2025-05-16 18:13:34,382 [Worker-10: Building] INFO  o.a.m.s.f.DefaultMavenResourcesFiltering - skip non existing resourceDirectory D:\Desktop\LOS-\src\test\resources
2025-05-16 18:47:41,564 [Worker-0: Loading available Gradle versions] INFO  o.e.b.c.i.u.g.PublishedGradleVersions - Gradle version information cache is up-to-date. Trying to read.
2025-05-17 09:58:29,286 [Worker-2: Loading available Gradle versions] INFO  o.e.b.c.i.u.g.PublishedGradleVersions - Gradle version information cache is up-to-date. Trying to read.
2025-05-17 10:25:10,787 [Worker-14: Building] INFO  o.a.m.s.f.DefaultMavenResourcesFiltering - Copying 1 resource from src\main\resources to target\classes
2025-05-17 10:25:10,859 [Worker-14: Building] INFO  o.a.m.s.f.DefaultMavenResourcesFiltering - Copying 1 resource from src\main\resources to target\classes
2025-05-17 10:25:10,864 [Worker-14: Building] INFO  o.a.m.s.f.DefaultMavenResourcesFiltering - skip non existing resourceDirectory D:\Desktop\LOS-\src\test\resources
2025-05-17 10:33:17,126 [Worker-15: Building] INFO  o.a.m.s.f.DefaultMavenResourcesFiltering - Copying 1 resource from src\main\resources to target\classes
2025-05-17 10:33:17,134 [Worker-15: Building] INFO  o.a.m.s.f.DefaultMavenResourcesFiltering - Copying 1 resource from src\main\resources to target\classes
2025-05-17 10:33:17,139 [Worker-15: Building] INFO  o.a.m.s.f.DefaultMavenResourcesFiltering - skip non existing resourceDirectory D:\Desktop\LOS-\src\test\resources
2025-05-17 10:35:00,188 [Worker-18: Building] INFO  o.a.m.s.f.DefaultMavenResourcesFiltering - Copying 1 resource from src\main\resources to target\classes
2025-05-17 10:35:00,196 [Worker-18: Building] INFO  o.a.m.s.f.DefaultMavenResourcesFiltering - Copying 1 resource from src\main\resources to target\classes
2025-05-17 10:35:00,199 [Worker-18: Building] INFO  o.a.m.s.f.DefaultMavenResourcesFiltering - skip non existing resourceDirectory D:\Desktop\LOS-\src\test\resources
2025-05-17 12:57:21,497 [Worker-2: Loading available Gradle versions] INFO  o.e.b.c.i.u.g.PublishedGradleVersions - Gradle version information cache is up-to-date. Trying to read.
2025-05-17 12:58:33,292 [Worker-5: Building] INFO  o.a.m.s.f.DefaultMavenResourcesFiltering - Copying 1 resource from src\main\resources to target\classes
2025-05-17 12:58:33,348 [Worker-5: Building] INFO  o.a.m.s.f.DefaultMavenResourcesFiltering - Copying 1 resource from src\main\resources to target\classes
2025-05-17 12:58:33,356 [Worker-5: Building] INFO  o.a.m.s.f.DefaultMavenResourcesFiltering - skip non existing resourceDirectory D:\Desktop\LOS-\src\test\resources
2025-05-17 12:59:13,387 [Worker-10: Building] INFO  o.a.m.s.f.DefaultMavenResourcesFiltering - Copying 1 resource from src\main\resources to target\classes
2025-05-17 12:59:13,394 [Worker-10: Building] INFO  o.a.m.s.f.DefaultMavenResourcesFiltering - Copying 1 resource from src\main\resources to target\classes
2025-05-17 12:59:13,398 [Worker-10: Building] INFO  o.a.m.s.f.DefaultMavenResourcesFiltering - skip non existing resourceDirectory D:\Desktop\LOS-\src\test\resources
2025-05-17 13:10:16,959 [Worker-3: Building] INFO  o.a.m.s.f.DefaultMavenResourcesFiltering - Copying 1 resource from src\main\resources to target\classes
2025-05-17 13:10:17,018 [Worker-3: Building] INFO  o.a.m.s.f.DefaultMavenResourcesFiltering - Copying 1 resource from src\main\resources to target\classes
2025-05-17 13:10:17,023 [Worker-3: Building] INFO  o.a.m.s.f.DefaultMavenResourcesFiltering - skip non existing resourceDirectory D:\Desktop\LOS-\src\test\resources
2025-05-17 14:30:14,638 [Worker-1: Loading available Gradle versions] INFO  o.e.b.c.i.u.g.PublishedGradleVersions - Gradle version information cache is up-to-date. Trying to read.
2025-05-17 14:30:24,229 [Worker-5: Building] INFO  o.e.m.c.i.l.LifecycleMappingFactory - Using org.maven.ide.eclipse.wtp.WarLifecycleMapping lifecycle mapping for MavenProject: com.imperacred:BankLoanApplication:0.0.1-SNAPSHOT @ D:\Desktop\LOS-\pom.xml.
2025-05-17 14:30:29,118 [Worker-5: Building] INFO  o.a.m.s.f.DefaultMavenResourcesFiltering - Copying 1 resource from src\main\resources to target\classes
2025-05-17 14:30:29,146 [Worker-5: Building] INFO  o.a.m.s.f.DefaultMavenResourcesFiltering - Copying 1 resource from src\main\resources to target\classes
2025-05-17 14:30:29,153 [Worker-5: Building] INFO  o.a.m.s.f.DefaultMavenResourcesFiltering - skip non existing resourceDirectory D:\Desktop\LOS-\src\test\resources
2025-05-17 14:30:29,157 [Worker-5: Building] INFO  o.e.m.w.i.f.ResourceFilteringBuildParticipant - Changed resources require a complete clean of filtered resources of LOS-
2025-05-17 14:30:29,158 [Worker-5: Building] INFO  o.e.m.w.i.f.ResourceFilteringBuildParticipant - Executing resource filtering for LOS-
2025-05-17 15:28:07,597 [Worker-1: Loading available Gradle versions] INFO  o.e.b.c.i.u.g.PublishedGradleVersions - Gradle version information cache is up-to-date. Trying to read.
2025-05-19 10:32:23,500 [Worker-1: Loading available Gradle versions] INFO  o.e.b.c.i.u.g.PublishedGradleVersions - Gradle version information cache is up-to-date. Trying to read.
2025-05-19 10:42:50,449 [Worker-3: Building] INFO  o.a.m.s.f.DefaultMavenResourcesFiltering - Copying 1 resource from src\main\resources to target\classes
2025-05-19 10:42:50,526 [Worker-3: Building] INFO  o.a.m.s.f.DefaultMavenResourcesFiltering - Copying 1 resource from src\main\resources to target\classes
2025-05-19 10:42:50,534 [Worker-3: Building] INFO  o.a.m.s.f.DefaultMavenResourcesFiltering - skip non existing resourceDirectory D:\Desktop\LOS-\src\test\resources
2025-05-19 10:43:39,825 [Worker-3: Building] INFO  o.a.m.s.f.DefaultMavenResourcesFiltering - Copying 1 resource from src\main\resources to target\classes
2025-05-19 10:43:39,831 [Worker-3: Building] INFO  o.a.m.s.f.DefaultMavenResourcesFiltering - Copying 1 resource from src\main\resources to target\classes
2025-05-19 10:43:39,834 [Worker-3: Building] INFO  o.a.m.s.f.DefaultMavenResourcesFiltering - skip non existing resourceDirectory D:\Desktop\LOS-\src\test\resources
2025-05-19 10:47:55,066 [Worker-6: Building] INFO  o.a.m.s.f.DefaultMavenResourcesFiltering - Copying 0 resource from src\main\resources to target\classes
2025-05-19 10:47:55,067 [Worker-6: Building] INFO  o.a.m.s.f.DefaultMavenResourcesFiltering - Copying 0 resource from src\main\resources to target\classes
2025-05-19 10:47:55,070 [Worker-6: Building] INFO  o.a.m.s.f.DefaultMavenResourcesFiltering - skip non existing resourceDirectory D:\Desktop\LOS-\src\test\resources
2025-05-19 11:44:16,729 [Worker-1: Loading available Gradle versions] INFO  o.e.b.c.i.u.g.PublishedGradleVersions - Gradle version information cache is up-to-date. Trying to read.
2025-05-19 12:37:53,772 [Worker-1: Loading available Gradle versions] INFO  o.e.b.c.i.u.g.PublishedGradleVersions - Gradle version information cache is up-to-date. Trying to read.
